Unnamed: 0.1,Unnamed: 0,Text,Sentiment,Timestamp,User,Platform,Hashtags,Retweets,Likes,Country,Year,Month,Day,Hour,predicted_sentiment
0,0,enjoying beautiful day park, Positive  ,2023-01-15, User123      , Twitter  , #Nature #Park                            ,15.0,30.0, USA      ,2023,1,15,12,positive
1,1,traffic terrible morning, Negative  ,2023-01-15, CommuterX    , Twitter  , #Traffic #Morning                        ,5.0,10.0, Canada   ,2023,1,15,8,positive
2,2,finished amazing workout, Positive  ,2023-01-15, FitnessFan   , Instagram , #Fitness #Workout                        ,20.0,40.0, USA        ,2023,1,15,15,positive
3,3,excited upcoming weekend getaway, Positive  ,2023-01-15, AdventureX   , Facebook , #Travel #Adventure                       ,8.0,15.0, UK       ,2023,1,15,18,positive
4,4,trying new recipe dinner tonight, Neutral   ,2023-01-15, ChefCook     , Instagram , #Cooking #Food                           ,12.0,25.0, Australia ,2023,1,15,19,positive
5,5,feeling grateful little thing life, Positive  ,2023-01-16, GratitudeNow , Twitter  , #Gratitude #PositiveVibes              ,25.0,50.0, India    ,2023,1,16,9,positive
6,6,rainy day call cozy blanket hot cocoa, Positive  ,2023-01-16, RainyDays    , Facebook , #RainyDays #Cozy                         ,10.0,20.0, Canada   ,2023,1,16,14,positive
7,7,new movie release mustwatch, Positive  ,2023-01-16, MovieBuff    , Instagram , #MovieNight #MustWatch                  ,15.0,30.0, USA    ,2023,1,16,19,positive
8,8,political discussion heating timeline, Negative  ,2023-01-17, DebateTalk   , Twitter  , #Politics #Debate                       ,30.0,60.0, USA      ,2023,1,17,8,positive
9,9,missing summer vibe beach day, Neutral   ,2023-01-17, BeachLover   , Facebook , #Summer #BeachDays                      ,18.0,35.0, Australia ,2023,1,17,12,positive
10,10,published new blog post check, Positive  ,2023-01-17, BloggerX     , Instagram , #Blogging #NewPost                      ,22.0,45.0,USA,2023,1,17,15,positive
11,11,feeling bit weather today, Negative  ,2023-01-18, WellnessCheck, Twitter  , #SickDay #Health                        ,7.0,15.0, Canada   ,2023,1,18,10,positive
12,12,exploring city hidden gem, Positive  ,2023-01-18, UrbanExplorer, Facebook , #CityExplore #HiddenGems                ,12.0,25.0, UK       ,2023,1,18,14,positive
13,13,new year new fitness goal, Positive  ,2023-01-18, FitJourney   , Instagram , #NewYear #FitnessGoals                  ,28.0,55.0, USA        ,2023,1,18,18,positive
14,14,technology changing way live, Neutral   ,2023-01-19, TechEnthusiast, Twitter  , #Tech #Innovation                       ,15.0,30.0, India    ,2023,1,19,9,positive
15,15,reflecting past looking ahead, Positive  ,2023-01-19, Reflections  , Facebook , #Reflection #Future                     ,20.0,40.0, USA      ,2023,1,19,13,positive
16,16,adopted cute furry friend, Positive  ,2023-01-19, PetAdopter   , Instagram , #PetAdoption #FurryFriend               ,15.0,30.0, Canada    ,2023,1,19,17,positive
17,17,latenight gaming session friend, Positive  ,2023-01-20, GamerX       , Twitter  , #Gaming #LateNight                      ,18.0,35.0, UK       ,2023,1,20,0,positive
18,18,attending virtual conference ai, Neutral   ,2023-01-20, TechConference, Facebook , #AI #TechConference                     ,25.0,50.0,USA,2023,1,20,11,positive
19,19,winter blue got feeling low, Negative  ,2023-01-20, WinterBlues  , Instagram , #WinterBlues #Mood                      ,8.0,15.0, USA       ,2023,1,20,15,positive
20,20,sipping coffee enjoying good book, Positive  ,2023-01-21, Bookworm     , Twitter  , #Reading #CoffeeTime                    ,22.0,45.0, India    ,2023,1,21,8,positive
21,21,exploring world virtual reality, Positive  ,2023-01-21, VRExplorer   , Facebook , #VR #VirtualReality                     ,15.0,30.0,USA,2023,1,21,13,positive
22,22,productive day ticking todo list, Positive  ,2023-01-21, ProductivityPro, Instagram , #Productivity #WorkFromHome           ,30.0,60.0, USA ,2023,1,21,16,positive
23,23,finished challenging workout routine, Positive  ,2023-01-22, FitnessWarrior, Twitter  , #Fitness #ChallengeAccepted             ,20.0,40.0, UK       ,2023,1,22,9,positive
24,24,celebrating milestone work, Positive  ,2023-01-22, CareerMilestone, Facebook , #Career #Milestone                      ,12.0,25.0, Canada  ,2023,1,22,14,positive
25,25,sunday brunch friend, Positive  ,2023-01-22, BrunchBuddy  , Instagram , #Brunch #Friends                       ,15.0,30.0, UK ,2023,1,22,12,positive
27,28,learning new language personal growth, Positive  ,2023-01-23, LanguageLearner, Facebook , #LanguageLearning #PersonalGrowth       ,25.0,50.0, India     ,2023,1,23,16,positive
28,29,quiet evening good book, Positive  ,2023-01-23, BookLover    , Instagram , #Reading #QuietTime                     ,15.0,30.0, Australia ,2023,1,23,19,positive
29,30,reflecting importance mental health, Positive  ,2023-01-24, MentalHealthMatters, Twitter  , #MentalHealth #SelfCare                 ,22.0,45.0, USA      ,2023,1,24,11,positive
30,31,new painting progress, Positive  ,2023-01-24, ArtistInAction, Facebook , #Art #PaintingInProgress             ,12.0,25.0, Canada ,2023,1,24,15,positive
31,32,weekend road trip explore scenic view, Positive  ,2023-01-24, RoadTripper  , Instagram , #RoadTrip #ScenicViews                  ,18.0,35.0, UK        ,2023,1,24,17,positive
32,33,enjoying cup tea watching sunset, Positive  ,2023-01-25, SunsetWatcher, Twitter  , #TeaTime #Sunset                       ,15.0,30.0, India    ,2023,1,25,18,positive
33,34,coding new project enthusiasm, Positive  ,2023-01-25, CodeEnthusiast, Facebook , #Coding #Enthusiasm                   ,30.0,60.0, USA ,2023,1,25,13,positive
34,35,feeling inspired attending workshop, Positive  ,2023-01-26, WorkshopAttendee, Instagram , #Inspiration #Workshop                  ,25.0,50.0,USA,2023,1,26,9,positive
35,36,winter sport day local park, Positive  ,2023-01-26, WinterSports  , Twitter  , #WinterSports #Fun                     ,15.0,30.0, Canada   ,2023,1,26,14,positive
36,37,quality time family weekend, Positive  ,2023-01-26, FamilyTime   , Facebook , #FamilyTime #Weekend                    ,22.0,45.0, UK        ,2023,1,26,17,positive
37,38,attending live music concert tonight, Positive  ,2023-01-27, MusicLover   , Instagram , #Music #ConcertNight                  ,18.0,35.0, USA ,2023,1,27,20,positive
38,39,practicing mindfulness meditation, Positive  ,2023-01-27, MindfulMoments, Twitter  , #Mindfulness #Meditation               ,15.0,30.0, India    ,2023,1,27,12,positive
39,40,trying new dessert recipe, Positive  ,2023-01-27, DessertExplorer, Facebook , #Dessert #Cooking                      ,12.0,25.0, Canada ,2023,1,27,16,positive
40,41,excited upcoming gaming tournament, Positive  ,2023-01-28, GamingEnthusiast, Instagram , #Gaming #Tournament                     ,30.0,60.0,USA,2023,1,28,9,positive
41,42,planning garden makeover spring, Positive  ,2023-01-28, GardenPlanner , Twitter  , #Gardening #Spring                     ,25.0,50.0, USA      ,2023,1,28,14,positive
42,43,celebrating friend birthday tonight, Positive  ,2023-01-28, BirthdayBash , Facebook , #Birthday #Celebration                  ,15.0,30.0, UK ,2023,1,28,19,positive
43,44,feeling accomplished productive day, Positive  ,2023-01-29, ProductivityWin, Instagram , #Accomplished #Success               ,22.0,45.0, India ,2023,1,29,17,positive
44,45,cozy evening good movie, Positive  ,2023-01-29, MovieNight   , Twitter  , #CozyNight #MovieTime                   ,18.0,35.0, Canada   ,2023,1,29,20,positive
45,46,exploring local art gallery weekend, Positive  ,2023-01-30, ArtExplorer  , Facebook , #Art #GalleryExplore                    ,15.0,30.0, USA      ,2023,1,30,11,positive
46,47,new book release favorite author, Positive  ,2023-01-30, BookwormX    , Instagram , #BookRelease #FavoriteAuthor           ,12.0,25.0, UK   ,2023,1,30,15,positive
47,48,attending virtual reality meetup, Positive  ,2023-01-30, VRMeetup     , Twitter  , #VRMeetup #VirtualReality               ,28.0,55.0, India    ,2023,1,30,18,positive
48,49,reflecting beauty nature, Positive  ,2023-01-31, NatureLover  , Facebook , #Nature #Reflection                     ,15.0,30.0, Australia ,2023,1,31,10,positive
49,50,cooking special dinner loved one, Positive  ,2023-01-31, ChefAtHome   , Instagram , #Cooking #SpecialDinner                ,20.0,40.0, USA       ,2023,1,31,19,positive
50,51,feeling optimistic week ahead, Positive  ,2023-01-31, OptimisticMindset, Twitter  , #Optimism #NewWeek                     ,15.0,30.0, Canada   ,2023,1,31,16,positive
51,52,starting new fitness challenge tomorrow, Positive  ,2023-02-01, FitnessChallenge, Facebook , #FitnessChallenge #NewBeginnings       ,22.0,45.0, UK         ,2023,2,1,8,positive
52,53,sunday bike ride scenic trail, Positive  ,2023-02-01, BikeExplorer  , Instagram , #BikeRide #ScenicTrails                ,18.0,35.0, USA     ,2023,2,1,13,positive
53,55,cant believe injustice happening society, Anger        ,2023-02-11, SocialJustice   , Twitter  , #Injustice #Angry                            ,20.0,40.0, Canada     ,2023,2,11,9,positive
54,56,feeling sense fear watching thriller movie, Fear         ,2023-02-11, ThrillerFan     , Instagram , #Fear #ThrillerMovie                         ,15.0,30.0, USA          ,2023,2,11,21,positive
55,57,heartbroken hearing news natural disaster, Sadness      ,2023-02-12, EmpathyFirst    , Facebook , #Sadness #NaturalDisaster                    ,25.0,50.0, India      ,2023,2,12,14,positive
56,58,state world environment disgusting, Disgust      ,2023-02-12, EcoAwareness    , Twitter  , #Disgust #Environment                        ,18.0,35.0, UK         ,2023,2,12,18,positive
57,59,pure happiness celebrating loved one achievement, Happiness    ,2023-02-13, ProudFriend     , Instagram , #Happiness #Celebration                   ,30.0,60.0, USA ,2023,2,13,10,positive
58,60,laughter best comedy show, Joy          ,2023-02-13, ComedyFan       , Facebook , #Joy #ComedyShow                             ,22.0,45.0, Canada    ,2023,2,13,19,positive
59,61,sharing love positive vibe everyone, Love         ,2023-02-14, LoveSpreader    , Twitter  , #Love #SpreadLove                            ,15.0,30.0, Australia  ,2023,2,14,8,positive
60,62,amusing incident brightened day, Amusement    ,2023-02-14, AmusedSoul      , Instagram , #Amusement #FunTimes                         ,18.0,35.0, UK           ,2023,2,14,14,positive
61,63,enjoying quiet evening book tea, Enjoyment    ,2023-02-14, BookLoverAgain  , Facebook , #Enjoyment #BookTime                         ,25.0,50.0, Canada       ,2023,2,14,19,positive
62,64,admiring beauty nature peaceful hike, Admiration   ,2023-02-15, NatureAdmirer   , Twitter  , #Admiration #Nature                         ,20.0,40.0, USA       ,2023,2,15,11,positive
63,65,sending affectionate vibe follower, Affection    ,2023-02-15, AffectionSender , Instagram , #Affection #PositiveVibes                   ,15.0,30.0,USA,2023,2,15,16,positive
64,66,experiencing awe breathtaking sunset, Awe          ,2023-02-15, AweStruck       , Facebook , #Awe #Breathtaking                          ,22.0,45.0, Australia   ,2023,2,15,20,positive
65,67,disappointed service local restaurant, Disappointed ,2023-02-16, FoodieGoneWrong , Twitter  , #Disappointed #BadService                   ,18.0,35.0, India      ,2023,2,16,9,positive
66,68,surprise gift friend made day, Surprise     ,2023-02-16, HappySurprise   , Instagram , #Surprise #Gift                              ,25.0,50.0, USA          ,2023,2,16,14,positive
67,69,finding acceptance midst life challenge, Acceptance   ,2023-02-16, AcceptanceSeeker, Facebook , #Acceptance #Challenges                     ,15.0,30.0, Canada     ,2023,2,16,18,positive
68,70,overflowing adoration adorable pet, Adoration    ,2023-02-17, PetAdorer       , Twitter  , #Adoration #PetLove                         ,22.0,45.0, UK        ,2023,2,17,10,positive
69,71,anticipating thrilling adventure coming week, Anticipation ,2023-02-17, AdventureAwaits  , Instagram , #Anticipation #Adventure                    ,20.0,40.0,USA,2023,2,17,7,positive
70,72,bitter experience turned valuable lesson, Bitter       ,2023-02-17, LearnFromBitter , Facebook , #BitterLesson #Growth                      ,18.0,35.0, USA       ,2023,2,17,15,positive
71,73,finding calmness midst busy day, Calmness     ,2023-02-18, ZenMaster       , Twitter  , #Calmness #PeacefulMind                    ,15.0,30.0, India     ,2023,2,18,9,positive
72,74,confusion cloud mind navigate decision, Confusion    ,2023-02-18, ConfusedMind    , Instagram , #Confusion #DecisionMaking                 ,25.0,50.0, UK   ,2023,2,18,14,positive
73,75,excitement building upcoming vacation, Excitement   ,2023-02-18, VacationDreamer , Facebook , #Excitement #TravelPlans                   ,22.0,45.0, Canada    ,2023,2,18,18,positive
74,76,kindness witnessed today restored faith humanity, Kind         ,2023-02-19, KindnessPrevails, Twitter  , #Kindness #Humanity                        ,20.0,40.0, USA       ,2023,2,19,11,positive
75,77,pride achieving personal milestone, Pride        ,2023-02-19, PersonalAchiever, Instagram , #Pride #Milestone                           ,30.0,60.0, Australia    ,2023,2,19,16,positive
76,78,moment shame standing injustice, Shame        ,2023-02-19, ReflectiveSelf  , Facebook , #Shame #Injustice                           ,15.0,30.0, India      ,2023,2,19,19,positive
77,79,fuming anger heated argument, Anger        ,2023-02-20, AngryDebater    , Twitter  , #Anger #Argument                             ,20.0,40.0, Canada     ,2023,2,20,9,positive
78,80,fear unknown keeping night, Fear         ,2023-02-20, FearfulDreamer  , Instagram , #Fear #Unknown                               ,15.0,30.0, USA          ,2023,2,20,21,positive
79,81,heartfelt sadness bidding farewell dear friend, Sadness      ,2023-02-21, FarewellHeart   , Facebook , #Sadness #Farewell                          ,25.0,50.0, India      ,2023,2,21,14,positive
80,82,state corruption society utterly disgusting, Disgust      ,2023-02-21, AntiCorruption  , Twitter  , #Disgust #Corruption                         ,18.0,35.0, UK         ,2023,2,21,18,positive
81,83,overflowing happiness welcoming new family member, Happiness    ,2023-02-22, NewParentJoy    , Instagram , #Happiness #NewFamilyMember                 ,30.0,60.0, UK           ,2023,2,22,10,positive
82,84,laughter key standup comedy show, Joy          ,2023-02-22, StandUpFan      , Facebook , #Joy #StandUpComedy                         ,22.0,45.0, Canada    ,2023,2,22,19,positive
83,85,sending love follower beautiful day, Love         ,2023-02-23, LoveSender      , Twitter  , #Love #SpreadLove                            ,15.0,30.0, Australia  ,2023,2,23,8,positive
84,86,amused antic pure amusement, Amusement    ,2023-02-23, PetAmuser       , Instagram , #Amusement #PetAntics                       ,18.0,35.0, UK           ,2023,2,23,14,positive
85,87,enjoying every moment enjoyment, Enjoyment    ,2023-02-23, TravelExplorer  , Facebook , #Enjoyment #Travel                           ,25.0,50.0, USA ,2023,2,23,19,positive
86,88,admiring dedication volunteer local charity, Admiration   ,2023-02-24, CharityAdmirer  , Twitter  , #Admiration #Volunteers                     ,20.0,40.0, USA        ,2023,2,24,11,positive
87,89,sending affectionate vibe friend family, Affection    ,2023-02-24, FamilyLover     , Instagram , #Affection #FamilyLove                      ,15.0,30.0,USA,2023,2,24,16,positive
88,90,awestruck beauty night sky, Awe          ,2023-02-24, Stargazer       , Facebook , #Awe #StarryNight                        ,22.0,45.0, Australia ,2023,2,24,20,positive
89,91,disappointed lack progress personal project, Disappointed ,2023-02-25, ProjectStruggle , Twitter  , #Disappointed #Project                     ,18.0,35.0, India      ,2023,2,25,9,positive
90,92,surprise visit old friend brought tear joy, Surprise     ,2023-02-25, JoyfulReunion   , Instagram , #Surprise #OldFriends                       ,25.0,50.0, USA          ,2023,2,25,14,positive
91,93,embracing acceptance life ups down, Acceptance   ,2023-02-25, LifeAcceptance  , Facebook , #Acceptance #LifeJourney                   ,15.0,30.0, Canada     ,2023,2,25,18,positive
92,94,overflowing adoration cute rescue puppy, Adoration    ,2023-02-26, PuppyAdmirer    , Twitter  , #Adoration #PuppyLove                       ,22.0,45.0, UK         ,2023,2,26,10,positive
93,95,anticipating release muchawaited movie, Anticipation ,2023-02-26, MovieBuff2      , Instagram , #Anticipation #MovieRelease                 ,20.0,40.0, Australia    ,2023,2,26,7,positive
94,96,bitter experience customer service department, Bitter       ,2023-02-26, CustomerWoes    , Facebook , #BitterExperience #CustomerService         ,18.0,35.0, USA       ,2023,2,26,15,positive
95,97,finding calmness amidst chaos daily life, Calmness     ,2023-02-27, CalmSoul        , Twitter  , #Calmness #InnerPeace                      ,15.0,30.0, India     ,2023,2,27,9,positive
96,98,confusion reign try make sense recent event, Confusion    ,2023-02-27, ConfusedMind2   , Instagram , #Confusion #MakingSense                    ,25.0,50.0, UK   ,2023,2,27,14,positive
97,99,excitement building surprise birthday party, Excitement   ,2023-02-27, BirthdayExcite  , Facebook , #Excitement #SurpriseParty                 ,22.0,45.0, Canada ,2023,2,27,18,positive
98,100,witnessed act kindness made day, Kind         ,2023-02-28, KindnessObserver, Twitter  , #Kindness #ActsOfKindness                  ,20.0,40.0, USA       ,2023,2,28,11,positive
99,101,pride completing challenging fitness challenge, Pride        ,2023-02-28, FitAchiever     , Instagram , #Pride #FitnessChallengeCompleted          ,30.0,60.0, UK            ,2023,2,28,16,positive
100,102,moment shame speaking injustice, Shame        ,2023-02-28, ReflectiveSelf2 , Facebook , #Shame #Injustice                           ,15.0,30.0, India     ,2023,2,28,19,positive
101,103,reflecting beauty diversity world, Acceptance   ,2023-03-01, DiversityLover  , Twitter  , #Acceptance #Diversity                      ,22.0,45.0, Australia ,2023,3,1,10,positive
102,104,excitement quiet evening good book, Excitement   ,2023-03-01, BookwormJoy     , Instagram , #Excitement #BookTime                       ,18.0,35.0, USA          ,2023,3,1,13,positive
103,105,feeling bitter unfairness workplace, Bitter       ,2023-03-01, WorkplaceWoes   , Twitter  , #Bitter #Unfairness                         ,15.0,30.0, Canada    ,2023,3,1,17,positive
104,106,calmness prevails practice mindfulness, Calmness     ,2023-03-02, MindfulMe       , Facebook , #Calmness #Mindfulness                      ,15.0,30.0, UK        ,2023,3,2,18,positive
105,107,confusion surround navigate life choice, Confusion ,2023-03-02, ConfusedMind3   , Instagram , #Confusion #LifeChoices                     ,30.0,60.0, USA   ,2023,3,2,13,positive
106,108,excitement weekend road trip explore new place, Excitement ,2023-03-02, RoadTripper2    , Twitter  , #Excitement #WeekendAdventure               ,25.0,50.0, India     ,2023,3,2,16,positive
107,109,kindness witnessed today restores faith humanity, Kind         ,2023-03-03, KindnessPrevails2, Facebook , #Kindness #HumanityRestored                 ,22.0,45.0, USA       ,2023,3,3,11,positive
108,110,pride accomplishing personal professional goal, Pride        ,2023-03-03, GoalAchiever    , Instagram , #Pride #Accomplishments                     ,12.0,25.0, Canada ,2023,3,3,14,positive
109,111,shame true value difficult situation, Shame ,2023-03-03, ReflectiveSelf3 , Twitter  , #Shame #Integrity                           ,15.0,30.0, UK        ,2023,3,3,12,positive
110,112,revisiting old memory feeling sense elation, Elation       ,2010-05-15, NostalgiaFan    , Twitter  , #Elation #Memories                             ,20.0,40.0, Canada    ,2010,5,15,15,positive
111,113,victory team brought euphoria city, Euphoria      ,2021-08-10, SportsFanatic   , Instagram , #Euphoria #Victory                             ,15.0,30.0, USA      ,2021,8,10,21,positive
112,114,embracing beauty nature moment contentment, Contentment   ,2011-06-20, NatureLover2    , Facebook , #Contentment #Nature                           ,25.0,50.0, India       ,2011,6,20,14,positive
113,115,meditating serene lake finding inner peace, Serenity      ,2022-02-12, ZenMaster2      , Twitter  , #Serenity #Meditation                          ,18.0,35.0, UK          ,2022,2,12,18,positive
114,116,overflowing gratitude life blessing, Gratitude     ,2012-11-25, ThankfulHeart   , Instagram , #Gratitude #Blessed                            ,30.0,60.0, Australia   ,2012,11,25,10,positive
115,117,hopeful brighter tomorrow despite challenge, Hope          ,2013-04-05, OptimisticSoul  , Facebook , #Hope #Optimism                                ,22.0,45.0, USA      ,2013,4,5,19,positive
116,118,empowered make difference community, Empowerment   ,2014-09-14, CommunityLeader , Twitter  , #Empowerment #Community                        ,15.0,30.0, UK       ,2014,9,14,8,positive
117,119,compassion action supporting local charity event, Compassion    ,2015-07-18, CharitySupporter, Instagram , #Compassion #CharityEvent                   ,18.0,35.0, Canada ,2015,7,18,14,positive
118,120,moment tenderness connecting loved one, Tenderness    ,2016-02-23, LovingHeart     , Facebook , #Tenderness #FamilyTime                       ,25.0,50.0, UK          ,2016,2,23,19,positive
119,121,arousal excitement await special announcement, Arousal       ,2017-10-30, ExcitementFan   , Twitter  , #Arousal #Excitement                           ,20.0,40.0, Australia ,2017,10,30,11,positive
120,122,enthusiastically diving new project, Enthusiasm    ,2018-06-15, ProjectEnthusiast, Instagram , #Enthusiasm #NewProject                       ,15.0,30.0, USA  ,2018,6,15,16,positive
121,123,feeling sense fulfillment reaching milestone, Fulfillment  ,2019-03-28, MilestoneAchiever, Facebook , #Fulfillment #Milestone                       ,22.0,45.0, India     ,2019,3,28,18,positive
122,124,reverence beauty historic landmark, Reverence     ,2019-11-11, HistoryLover    , Twitter  , #Reverence #History                           ,18.0,35.0, UK      ,2019,11,11,15,positive
123,125,elation surprise reunion old friend, Elation       ,2020-04-02, JoyfulReunion2  , Instagram , #Elation #OldFriends                          ,25.0,50.0, Canada      ,2020,4,2,9,positive
124,126,euphoria live music concert star, Euphoria      ,2021-06-19, MusicEnthusiast , Facebook , #Euphoria #LiveMusic                          ,15.0,30.0, USA ,2021,6,19,14,positive
125,127,contentment simplicity quiet sunday, Contentment   ,2010-08-15, SimpleJoys      , Twitter  , #Contentment #SundayMood                      ,30.0,60.0, Australia ,2010,8,15,10,positive
126,128,serenity found page favorite book, Serenity      ,2011-09-22, BookLover3      , Instagram , #Serenity #BookTime                           ,22.0,45.0, UK          ,2011,9,22,19,positive
127,129,gratitude support received tough time, Gratitude     ,2012-03-10, SupportiveFriend, Facebook , #Gratitude #Supportive                        ,15.0,30.0, India     ,2012,3,10,8,positive
128,130,hopeful possibility new journey, Hope          ,2013-12-05, JourneyOptimist , Twitter  , #Hope #NewBeginnings                          ,18.0,35.0, Canada    ,2013,12,5,16,positive
129,131,empowerment learning personal growth, Empowerment   ,2014-07-20, GrowthSeeker    , Instagram , #Empowerment #PersonalGrowth                  ,25.0,50.0,USA,2014,7,20,11,positive
130,132,compassion towards need holiday, Compassion    ,2015-12-22, HolidayHelper   , Facebook , #Compassion #HolidaySupport                   ,18.0,35.0, USA      ,2015,12,22,14,positive
131,133,tenderness warmth cozy winter evening, Tenderness    ,2016-02-10, WinterWarmth    , Twitter  , #Tenderness #CozyEvening                     ,25.0,50.0, UK       ,2016,2,10,19,positive
132,134,arousal excitement upcoming adventure, Arousal       ,2017-04-30, AdventureAwaits , Instagram , #Arousal #AdventureTime                       ,20.0,40.0, Australia ,2017,4,30,11,positive
133,135,enthusiasm creative project making, Enthusiasm    ,2018-09-15, CreativeSpirit  , Facebook , #Enthusiasm #Creativity                       ,15.0,30.0, Canada    ,2018,9,15,16,positive
134,136,fulfillment completing challenging workout routine, Fulfillment  ,2019-06-28, FitnessAchiever , Twitter  , #Fulfillment #FitnessGoals                   ,22.0,45.0, India     ,2019,6,28,18,positive
135,137,reverence artistry displayed museum, Reverence     ,2020-11-11, ArtAppreciator  , Instagram , #Reverence #ArtAppreciation                  ,18.0,35.0, UK        ,2020,11,11,15,positive
136,138,elation achieving personal goal, Elation       ,2021-03-02, GoalAchiever2   , Facebook , #Elation #PersonalAchievement                ,25.0,50.0, USA      ,2021,3,2,9,positive
137,139,elation discovering hidden gem city, Elation       ,2012-02-18, UrbanExplorer2  , Twitter  , #Elation #HiddenGem                            ,20.0,40.0, USA      ,2012,2,18,14,positive
138,140,euphoria surprise birthday celebration, Euphoria      ,2018-11-05, BirthdayJoy     , Instagram , #Euphoria #BirthdaySurprise                   ,15.0,30.0, UK   ,2018,11,5,21,positive
139,141,contentment simplicity homecooked meal, Contentment   ,2015-09-12, HomeChef        , Facebook , #Contentment #HomeCooking                     ,25.0,50.0, India    ,2015,9,12,13,positive
140,142,serenity found melody peaceful piano, Serenity      ,2016-07-30, MusicLover4     , Twitter  , #Serenity #PeacefulMelody                    ,18.0,35.0, Canada      ,2016,7,30,18,positive
141,143,gratitude supportive community around, Gratitude     ,2013-04-20, CommunityLove   , Instagram , #Gratitude #CommunitySupport                   ,30.0,60.0, USA ,2013,4,20,10,positive
142,144,hopeful prospect new business venture, Hope          ,2017-12-08, EntrepreneurHope, Facebook , #Hope #BusinessVenture                        ,22.0,45.0, Canada    ,2017,12,8,19,positive
143,145,empowerment mentoring guiding others, Empowerment   ,2014-06-03, MentorEmpower   , Twitter  , #Empowerment #Mentorship                      ,15.0,30.0, UK       ,2014,6,3,8,positive
144,146,compassion shown act kindness community, Compassion,2019-01-15, KindnessInAction, Instagram , #Compassion #CommunityKindness               ,18.0,35.0, Australia ,2019,1,15,14,positive
145,147,tenderness heartfelt message loved one, Tenderness    ,2016-12-25, LoveExpress     , Facebook , #Tenderness #LoveNote                         ,25.0,50.0, UK          ,2016,12,25,19,positive
146,148,arousal excitement muchawaited trip, Arousal       ,2018-03-10, TravelExcitement, Twitter  , #Arousal #TravelAdventure                     ,20.0,40.0, India    ,2018,3,10,9,positive
147,149,enthusiasm new artistic project work, Enthusiasm    ,2020-09-17, ArtisticSpirit  , Instagram , #Enthusiasm #ArtisticProject                 ,15.0,30.0, USA       ,2020,9,17,16,positive
148,150,feeling sense fulfillment helping others, Fulfillment   ,2011-08-28, HelperHeart     , Facebook , #Fulfillment #HelpingOthers                  ,22.0,45.0, Canada    ,2011,8,28,18,positive
149,151,reverence historical significance landmark, Reverence ,2017-11-01, HistoryBuff     , Twitter  , #Reverence #HistoricalSite                   ,18.0,35.0, Australia ,2017,11,1,15,positive
150,152,elation achieving fitness milestone, Elation       ,2019-06-15, FitnessAchiever2, Instagram , #Elation #FitnessMilestone                   ,25.0,50.0, UK           ,2019,6,15,10,positive
151,153,euphoria successful product launch, Euphoria      ,2022-04-03, ProductLaunchJoy, Facebook , #Euphoria #ProductLaunchSuccess              ,15.0,30.0, USA       ,2022,4,3,11,positive
152,154,contentment embrace loved one, Contentment   ,2010-11-12, LovingEmbrace   , Twitter  , #Contentment #Love                             ,30.0,60.0, India    ,2010,11,12,20,positive
153,155,serenity found beauty sunset sea, Serenity      ,2011-07-22, SunsetWatcher2  , Instagram , #Serenity #SunsetViews                       ,22.0,45.0, Canada     ,2011,7,22,18,positive
154,156,gratitude small joy day brings, Gratitude     ,2012-03-30, JoyfulHeart2    , Facebook , #Gratitude #SmallJoys                        ,15.0,30.0, Australia   ,2012,3,30,11,positive
155,157,hopeful potential personal growth, Hope          ,2013-10-05, GrowthOptimist  , Twitter  , #Hope #PersonalDevelopment                    ,18.0,35.0, UK       ,2013,10,5,16,positive
156,158,empowerment learning new skill, Empowerment   ,2014-07-10, SkillEmpower    , Instagram , #Empowerment #SkillBuilding                   ,25.0,50.0, India   ,2014,7,10,13,positive
157,159,compassion volunteering local charity, Compassion    ,2015-12-18, CharityVolunteer, Facebook , #Compassion #VolunteerWork                   ,18.0,35.0, USA      ,2015,12,18,14,positive
158,160,tenderness quiet moment shared pet, Tenderness    ,2016-02-10, PetLove         , Twitter  , #Tenderness #PetLove                          ,25.0,50.0, Canada   ,2016,2,10,19,positive
159,161,arousal excitement upcoming festival, Arousal       ,2017-09-25, FestivalFan     , Instagram , #Arousal #FestivalExcitement               ,20.0,40.0, UK ,2017,9,25,11,positive
160,162,enthusiasm diy home improvement project, Enthusiasm    ,2018-04-15, DIYEnthusiast   , Facebook , #Enthusiasm #HomeImprovement                 ,15.0,30.0, Australia   ,2018,4,15,16,positive
161,163,fulfillment completing challenging puzzle, Fulfillment   ,2019-11-28, PuzzleMaster    , Twitter  , #Fulfillment #PuzzleChallenge                ,22.0,45.0, India    ,2019,11,28,18,positive
162,164,reverence wonder nature hiking trail, Reverence ,2020-05-11, NatureAdmirer   , Instagram , #Reverence #NatureExploration                ,18.0,35.0, USA        ,2020,5,11,15,positive
163,165,elation surprise reunion childhood friend, Elation   ,2021-02-05, ChildhoodJoy    , Facebook , #Elation #FriendshipReunion                  ,25.0,50.0, Canada      ,2021,2,5,9,positive
164,166,suffering despair another setback, Despair         ,2021-03-10, StrugglingSoul    , Twitter  , #Despair #Struggle                              ,5.0,10.0, USA          ,2021,3,10,8,positive
165,167,overwhelmed grief missing loved one dearly, Grief           ,2022-07-05, MourningHeart     , Instagram , #Grief #Loss                                   ,8.0,15.0, Canada          ,2022,7,5,15,positive
166,168,loneliness creep night grows colder, Loneliness      ,2019-11-18, SolitarySoul      , Facebook , #Loneliness #Isolation                         ,10.0,20.0, UK           ,2019,11,18,21,positive
167,169,jealousy consumes witness others success, Jealousy        ,2020-08-12, EnviousObserver   , Twitter  , #Jealousy #Envy                               ,12.0,25.0, India        ,2020,8,12,11,positive
168,170,resentment building past betrayal, Resentment      ,2018-05-22, BitterHeart       , Instagram , #Resentment #Bitterness                       ,7.0,15.0, Australia     ,2018,5,22,14,positive
169,171,frustration mount obstacle block path, Frustration     ,2017-01-30, BlockedGoals      , Facebook , #Frustration #Obstacles                       ,10.0,20.0, USA          ,2017,1,30,16,positive
170,172,boredom set day feel endlessly dull, Boredom         ,2016-09-28, BoredMind         , Twitter  , #Boredom #LackOfInterest                     ,8.0,15.0, Canada        ,2016,9,28,19,positive
171,173,anxiety grip heart worry cloud thought, Anxiety         ,2019-04-15, WorriedMind       , Instagram , #Anxiety #Worry                               ,12.0,25.0, UK           ,2019,4,15,9,positive
172,174,intimidation unknown future ahead, Intimidation    ,2021-12-03, FearfulSoul       , Facebook , #Intimidation #Fear                           ,15.0,30.0, India        ,2021,12,3,18,positive
173,175,helplessness sink challenge pile, Helplessness    ,2020-06-20, OverwhelmedHeart  , Twitter  , #Helplessness #Overwhelmed                    ,8.0,15.0, Australia    ,2020,6,20,14,positive
174,176,envy eats away see others prosperity, Envy            ,2018-11-07, CovetousMind     , Instagram , #Envy #Desire                                ,10.0,20.0, Canada        ,2018,11,7,11,positive
175,177,regret missed opportunity haunt thought, Regret         ,2017-08-25, RemorsefulSoul   , Facebook , #Regret #MissedChances                       ,12.0,25.0, UK           ,2017,8,25,16,positive
176,178,disgust sight injustice cruelty, Disgust         ,2019-02-11, DisgustedHeart   , Twitter  , #Disgust #Injustice                          ,7.0,15.0, India        ,2019,2,11,9,positive
177,179,drowning despair hope slipping finger, Despair      ,2016-04-02, HopelessHeart    , Instagram , #Despair #Hopeless                           ,10.0,20.0, USA          ,2016,4,2,20,positive
178,180,grief weighs heavy tear constant companion, Grief           ,2015-10-18, TearfulSoul      , Facebook , #Grief #Tears                                ,12.0,25.0, Canada        ,2015,10,18,15,positive
179,181,loneliness crowded room silent cry connection, Loneliness ,2019-07-12, IsolatedMind     , Twitter  , #Loneliness #SeekingConnection              ,15.0,30.0, UK            ,2019,7,12,18,positive
180,182,jealousy gnaws confidence toxic emotion, Jealousy        ,2018-06-03, SelfDoubt        , Instagram , #Jealousy #Insecurity                       ,8.0,15.0, India         ,2018,6,3,16,positive
181,183,resentment fester poisoning relationship, Resentment      ,2022-01-15, BrokenTrust      , Facebook , #Resentment #BrokenTrust                     ,10.0,20.0, Australia    ,2022,1,15,12,positive
182,184,frustration boil volcanic eruption emotion, Frustration ,2017-04-10, ExplosiveMind    , Twitter  , #Frustration #EmotionalOutburst             ,12.0,25.0, USA          ,2017,4,10,14,positive
183,185,boredom settle like dust life feel mundane, Boredom         ,2016-11-28, MundaneHeart     , Instagram , #Boredom #Monotony                          ,7.0,15.0, Canada        ,2016,11,28,19,positive
184,186,anxiety grip chest relentless grip thought, Anxiety   ,2018-09-05, RestlessMind     , Facebook , #Anxiety #Restlessness                      ,10.0,20.0, UK            ,2018,9,5,9,positive
185,187,intimidation challenge ahead fear take hold, Intimidation ,2021-10-22, FearfulJourney   , Twitter  , #Intimidation #FacingFear                   ,15.0,30.0, India         ,2021,10,22,18,positive
186,188,helplessness engulfs drowning sea problem, Helplessness ,2019-05-08, OverwhelmedSoul  , Instagram , #Helplessness #Struggling                   ,8.0,15.0, Australia    ,2019,5,8,14,positive
187,189,envy poison thought coveting others success, Envy            ,2017-03-20, GreenEyedMonster , Facebook , #Envy #Success                              ,10.0,20.0, Canada        ,2017,3,20,11,positive
188,190,regret decision led painful present, Regret         ,2018-12-15, RegretfulMind    , Twitter  , #Regret #PastChoices                        ,12.0,25.0, USA          ,2018,12,15,16,positive
189,191,disgust corruption stain society, Disgust         ,2016-07-01, CorruptedHeart   , Instagram , #Disgust #Corruption                        ,7.0,15.0, UK            ,2016,7,1,9,positive
190,192,sinking despair day darker last, Despair         ,2020-08-20, DrowningSoul     , Facebook , #Despair #DarkDays                          ,10.0,20.0, India         ,2020,8,20,20,positive
191,193,grief overwhelms storm emotion within, Grief           ,2021-02-25, StormyHeart      , Twitter  , #Grief #EmotionalStorm                      ,12.0,25.0, Canada        ,2021,2,25,15,positive
192,194,loneliness echo empty space yearning connection, Loneliness ,2019-09-12, EchoingSoul     , Instagram , #Loneliness #YearningForConnection         ,15.0,30.0, Australia     ,2019,9,12,18,positive
193,195,jealousy poison thought resentment brewing within, Jealousy    ,2018-08-05, PoisonedMind    , Facebook , #Jealousy #Resentment                       ,8.0,15.0, USA           ,2018,8,5,16,positive
194,196,resentment fester wound refuse heal, Resentment      ,2017-01-12, UnforgivingSoul  , Twitter  , #Resentment #Unforgiving                    ,10.0,20.0, India         ,2017,1,12,12,positive
195,197,frustration escalates thunderstorm emotion, Frustration     ,2022-04-05, ThunderingMind   , Instagram , #Frustration #EmotionalOutburst            ,12.0,25.0, UK            ,2022,4,5,14,positive
196,198,boredom lingers stagnant pool indifference, Boredom         ,2021-10-02, StagnantHeart    , Facebook , #Boredom #Stagnation                        ,7.0,15.0, Canada        ,2021,10,2,19,positive
197,199,embarking journey discovery fueled curiosity thirst knowledge, Curiosity       ,2023-04-15, InquisitiveMind   , Twitter  , #Curiosity #Learning                        ,15.0,30.0, USA          ,2023,4,15,10,positive
198,200,lost vast sea information indifferent wave digital ocean, Indifference    ,2022-11-28, ApatheticObserver , Instagram , #Indifference #DigitalOverload              ,7.0,15.0, Canada          ,2022,11,28,17,positive
199,201,complex puzzle life leaf state perpetual confusion seeking answer chaos, Confusion       ,2020-04-02, SeekingClarity    , Facebook , #Confusion #LifePuzzle                     ,10.0,20.0, UK           ,2020,4,2,9,positive
200,202,numbness settle shield overwhelming emotion life throw way, Numbness        ,2021-08-10, EmotionallyDistant , Twitter  , #Numbness #EmotionalShield                 ,8.0,15.0, India        ,2021,8,10,14,positive
201,203,gazing sunset melancholic longing moment slip finger time, Melancholy      ,2019-06-18, SunsetDreamer     , Instagram , #Melancholy #SunsetMoments                 ,12.0,25.0, Australia     ,2019,6,18,20,positive
202,204,revisiting old photograph caught embrace nostalgia bittersweet symphony, Nostalgia       ,2018-02-05, MemoryLaneTraveler , Facebook , #Nostalgia #MemoryLane                     ,10.0,20.0, USA          ,2018,2,5,15,positive
203,205,torn conflicting emotion ambivalence paint decision shade uncertainty, Ambivalence     ,2022-05-30, MixedFeelings     , Twitter  , #Ambivalence #UncertainChoices             ,12.0,25.0, Canada        ,2022,5,30,11,positive
204,206,embracing ebb flow life finding acceptance dance existence, Acceptance      ,2023-01-10, ZenLifestyle      , Instagram , #Acceptance #LifeJourney                   ,15.0,30.0, UK           ,2023,1,10,16,positive
205,207,facing challenge headon determination fuel fire within achieve impossible, Determination   ,2020-09-18, ResilientSpirit   , Facebook , #Determination #AchieveTheImpossible       ,10.0,20.0, India        ,2020,9,18,13,positive
206,208,serenity found stillness nature tranquil retreat chaos modern world, Serenity        ,2021-07-03, NatureSoul        , Twitter  , #Serenity #NatureRetreat                   ,12.0,25.0, Australia    ,2021,7,3,19,positive
207,209,curiosity leading rabbit hole knowledge perpetual student life classroom, Curiosity       ,2022-10-08, EternalLearner    , Instagram , #Curiosity #KnowledgeQuest                ,20.0,40.0, USA          ,2022,10,8,8,positive
208,210,floating day air indifference detached mundane happening around, Indifference    ,2023-03-22, AloofObserver     , Facebook , #Indifference #FloatingThroughLife        ,10.0,20.0, Canada        ,2023,3,22,16,positive
209,211,entangled web thought confusion reigning navigate labyrinth idea, Confusion       ,2021-05-15, ThoughtExplorer   , Twitter  , #Confusion #ThoughtLabyrinth              ,15.0,30.0, UK            ,2021,5,15,11,positive
210,212,numb chaos emotion locked away stoic facade concealing inner turmoil, Numbness        ,2019-12-28, StoicSoul         , Instagram , #Numbness #StoicFacade                    ,8.0,15.0, Australia     ,2019,12,28,14,positive
211,213,melancholy whisper breeze silent conversation echo forgotten dream, Melancholy      ,2020-03-01, DreamerInSilence  , Facebook , #Melancholy #WhispersInTheBreeze         ,12.0,25.0, India         ,2020,3,1,19,positive
212,214,stumbling upon old journal nostalgia flooding wave carrying moment long gone, Nostalgia       ,2018-07-10, JournalKeeper     , Twitter  , #Nostalgia #JournalMoments               ,10.0,20.0, Canada        ,2018,7,10,15,positive
213,215,tapestry conflicting feeling weaving uncertainty caught thread ambivalence, Ambivalence     ,2022-01-05, ThreadWeaver      , Instagram , #Ambivalence #ConflictingFeelings        ,12.0,25.0, UK            ,2022,1,5,10,positive
214,216,embracing flaw finding acceptance imperfection journey towards selflove, Acceptance      ,2021-08-20, SelfLoveAdvocate  , Facebook , #Acceptance #SelfLoveJourney              ,15.0,30.0, Australia    ,2021,8,20,16,positive
215,217,determination burning like wildfire overcoming obstacle turning dream reality, Determination   ,2019-11-03, DreamChaser       , Twitter  , #Determination #DreamsIntoReality        ,18.0,35.0, USA          ,2019,11,3,13,positive
216,218,tranquil moment ocean serenity washing peaceful retreat within wave embrace, Serenity        ,2020-04-12, OceanSoul         , Instagram , #Serenity #OceanRetreat                   ,25.0,50.0, Canada        ,2020,4,12,19,positive
217,219,exploring new horizon spark curiosity adventurer vast landscape knowledge, Curiosity       ,2022-04-15, HorizonExplorer   , Facebook , #Curiosity #NewHorizons                  ,22.0,45.0, India         ,2022,4,15,8,positive
218,220,drifting day nonchalant demeanor embracing art indifference, Indifference    ,2023-02-10, NonchalantSpirit  , Twitter  , #Indifference #DriftingThroughLife       ,9.0,18.0, UK            ,2023,2,10,17,positive
219,221,wrestling thought perplexed mind lost labyrinth life complexity, Confusion       ,2020-08-05, ComplexThinker    , Instagram , #Confusion #PerplexedMind                ,14.0,28.0, Australia    ,2020,8,5,12,positive
220,222,immersed state emotional numbness shield storm daily struggle, Numbness        ,2021-12-01, ShieldedHeart     , Facebook , #Numbness #EmotionalShield               ,10.0,20.0, USA          ,2021,12,1,15,positive
221,223,melancholic symphony playing background soundtrack wistful heart, Melancholy      ,2019-03-25, SymphonySoul      , Twitter  , #Melancholy #WistfulHeart                ,13.0,26.0, Canada        ,2019,3,25,21,positive
222,224,flipping page old yearbook nostalgia painting smile tear face, Nostalgia       ,2017-06-18, YearbookExplorer  , Instagram , #Nostalgia #YearbookMemories            ,12.0,25.0, India         ,2017,6,18,14,positive
223,225,torn opposing emotion ambivalence color decision shade uncertainty, Ambivalence     ,2022-07-08, DecisiveDilemma   , Facebook , #Ambivalence #ShadesOfUncertainty       ,15.0,30.0, Australia    ,2022,7,8,11,positive
224,226,embracing life imperfection finding acceptance journey scar, Acceptance      ,2023-05-15, ImperfectHarmony  , Twitter  , #Acceptance #ImperfectJourney            ,18.0,36.0, Canada        ,2023,5,15,16,positive
225,227,fiery determination burning within fueled vision reaching unparalleled height, Determination   ,2021-09-10, VisionarySpirit   , Instagram , #Determination #UnparalleledHeights      ,20.0,40.0, UK            ,2021,9,10,14,positive
226,228,basking serenity quiet forest whisper nature bring peace soul, Serenity        ,2020-02-28, ForestDreamer     , Facebook , #Serenity #NatureWhispers                ,25.0,50.0, USA          ,2020,2,28,18,positive
227,231,indifferent noise world silent observer midst life cacophony, Indifference    ,2023-03-10, SilentSpectator   , Instagram , #Indifference #SilentObserver            ,9.0,18.0, India         ,2023,3,10,16,positive
228,232,navigating labyrinth thought confusion constant companion maze idea, Confusion       ,2021-05-02, MazeNavigator     , Facebook , #Confusion #ThoughtLabyrinth              ,14.0,28.0, Australia    ,2021,5,2,11,positive
229,233,impenetrable numbness shield emotional storm fortress stoic resilience, Numbness        ,2019-10-18, ResilientFortress , Twitter  , #Numbness #StoicResilience               ,11.0,22.0, UK            ,2019,10,18,14,positive
230,234,melancholy painting world hue nostalgia canvas bittersweet memory, Melancholy      ,2020-01-05, CanvasDreamer     , Instagram , #Melancholy #BittersweetMemories         ,13.0,26.0, USA          ,2020,1,5,20,positive
231,235,journey past flipping page old diary nostalgia taking lead, Nostalgia       ,2018-08-10, DiaryExplorer     , Facebook , #Nostalgia #DiaryJourney                 ,12.0,25.0, Canada        ,2018,8,10,15,positive
232,236,ambivalence clouding decision caught crossroad conflicting emotion, Ambivalence     ,2022-01-15, CrossroadsTraveler , Twitter  , #Ambivalence #ConflictingEmotions        ,15.0,30.0, India         ,2022,1,15,10,positive
233,237,embracing imperfection finding acceptance mosaic life beautiful chaos, Acceptance      ,2021-07-20, MosaicDreamer     , Instagram , #Acceptance #BeautifulChaos              ,18.0,36.0, Australia     ,2021,7,20,16,positive
234,238,determination driving force propelling forward path extraordinary achievement, Determination   ,2019-12-03, PathfinderSpirit  , Facebook , #Determination #ExtraordinaryPath        ,20.0,40.0, USA          ,2019,12,3,13,positive
235,239,seeking serenity melody raindrop tranquil escape noise everyday life, Serenity        ,2020-04-12, RaindropHarmony   , Twitter  , #Serenity #RaindropMelody                ,25.0,50.0, Canada        ,2020,4,12,19,positive
236,240,curiosity driving exploration unknown seeker knowledge uncharted territory, Curiosity       ,2022-05-08, SeekerOfUnknowns  , Instagram , #Curiosity #SeekerOfKnowledge            ,22.0,45.0, UK            ,2022,5,8,8,positive
237,241,drifting day air nonchalance indifferent triviality life, Indifference    ,2023-02-22, NonchalantWanderer, Facebook , #Indifference #DriftingThroughLife       ,9.0,18.0, India         ,2023,2,22,17,positive
238,242,lost labyrinth thought confusion casting shadow quest clarity, Confusion       ,2020-06-05, ShadowedSeeker    , Twitter  , #Confusion #LabyrinthOfThoughts          ,14.0,28.0, Australia    ,2020,6,5,12,positive
239,243,wrapped cloak emotional numbness shield storm life turbulence, Numbness        ,2021-11-30, TurbulentShield   , Instagram , #Numbness #EmotionalStorms               ,10.0,20.0, Canada        ,2021,11,30,15,positive
240,244,melancholy companion painting canvas life brushstrokes wistful yearning, Melancholy      ,2019-02-25, WistfulPainter    , Facebook , #Melancholy #WistfulYearning             ,13.0,26.0, UK            ,2019,2,25,21,positive
241,245,leafing page old photo album nostalgia weaving tale laughter tear, Nostalgia       ,2017-05-18, TaleWeaver        , Twitter  , #Nostalgia #PhotoAlbumStories            ,12.0,25.0, USA          ,2017,5,18,14,positive
242,246,ambivalence air caught crossroad conflicting emotion decision, Ambivalence     ,2022-08-05, CrossroadsExplorer, Instagram , #Ambivalence #CrossroadsConfusion        ,15.0,30.0, Canada        ,2022,8,5,11,positive
243,247,embracing beauty imperfection finding acceptance mosaic life unpredictable art, Acceptance      ,2023-06-15, MosaicArtist      , Facebook , #Acceptance #UnpredictableArt            ,18.0,36.0, Australia    ,2023,6,15,16,positive
244,248,determination ablaze forging path challenge sculpting dream tangible reality, Determination   ,2021-10-10, DreamSculptor     , Twitter  , #Determination #SculptingDreams          ,20.0,40.0, UK            ,2021,10,10,14,positive
245,249,immerse serenity moonlit night quiet whisper nature bring peace soul, Serenity        ,2020-05-12, MoonlitSoul       , Instagram , #Serenity #MoonlitPeace                  ,25.0,50.0, USA          ,2020,5,12,19,positive
246,250,fueled curiosity venturing uncharted realm fearless explorer mystery world, Curiosity       ,2022-12-01, FearlessExplorer  , Facebook , #Curiosity #FearlessExplorer              ,22.0,44.0, India         ,2022,12,1,9,positive
247,251,wrapped cloak emotional numbness shield storm life turbulence, Numbness ,2021-11-30, TurbulentShield , Instagram , #Numbness #EmotionalStorms ,10.0,20.0, Canada ,2021,11,30,15,positive
248,252,dancing life exuberance carefree spirit embracing joy zest every turn, Zest ,2018-07-12, JoyfulDancer , Twitter , #Zest #CarefreeSpirit ,15.0,30.0, USA ,2018,7,12,17,positive
249,253,basking golden glow contentment serene river flowing landscape heart, Contentment ,2020-09-05, SereneBasker , Facebook , #Contentment #GoldenGlow ,18.0,36.0, Australia ,2020,9,5,20,positive
250,254,gazing towards horizon hopeful eye painting canvas dream illuminated sun optimism, Hopeful ,2022-04-18, DreamPainter , Instagram , #Hopeful #CanvasOfDreams ,12.0,24.0, India ,2022,4,18,8,positive
251,255,standing tall proud oak branch achievement reaching towards sky accomplishment, Proud ,2019-12-10, OakAchiever , Twitter , #Proud #BranchesOfAchievement ,25.0,50.0, Canada ,2019,12,10,12,positive
252,256,heart overflowing gratitude garden appreciation bloom soil kindness connection, Grateful ,2023-02-28, HeartGardener , Facebook , #Grateful #BlossomingConnection ,20.0,40.0, USA ,2023,2,28,9,positive
253,257,extending hand empathetic thread weaving tapestry understanding embracing joy sorrow others, Empathetic ,2018-04-03, ThreadWeaver , Instagram , #Empathetic #TapestryOfUnderstanding ,15.0,30.0, UK ,2018,4,3,14,positive
254,258,compassionate cloud heavy care showering empathy parched ground human suffering, Compassionate ,2022-06-20, CloudCaretaker , Twitter , #Compassionate #ShowerOfEmpathy ,18.0,36.0, Australia ,2022,6,20,10,positive
255,259,playfully dancing rain laughter whimsical spirit twirling puddle joy lightheartedness, Playful ,2020-07-08, RainDancer , Facebook , #Playful #DanceInTheRain ,22.0,44.0, Canada ,2020,7,8,18,positive
256,260,soaring wing free spirit unburdened chain conformity painting sky independence, Free-spirited ,2021-08-15, SkyPainter , Instagram , #FreeSpirit #PaintingTheSky ,20.0,40.0, India ,2021,8,15,11,positive
257,261,bathed glow inspiration creative phoenix rising ash ordinary thought explore new realm, Inspired ,2019-10-25, PhoenixExplorer , Twitter , #Inspired #CreativePhoenix ,15.0,30.0, UK ,2019,10,25,16,positive
258,262,navigating sea hope sailing towards sunrise possibility confident ship positive anticipation, Hopeful ,2023-10-05, SunriseNavigator , Facebook , #Hopeful #SunriseOfPossibilities ,12.0,24.0, USA ,2023,10,5,7,positive
259,263,striding confidence footprint selfassuredness imprinted sand challenge conquered victory claimed, Confident ,2022-02-15, SandStrider , Instagram , #Confident #FootprintsOfAssuredness ,25.0,50.0, Australia ,2022,2,15,13,positive
260,264,lost symphony night moonlit serenade whisper tale wanderlust moonlit dream, Serenity ,2021-05-08, NightSerenader , Twitter , #Serenity #MoonlitSerenade ,13.0,26.0, Canada ,2021,5,8,22,positive
261,265,unveiling layer curiosity labyrinth question leading treasure trove undiscovered knowledge, Curiosity ,2020-11-29, KnowledgeSeeker , Instagram , #Curiosity #LabyrinthOfQuestions ,17.0,34.0, USA ,2020,11,29,14,positive
262,266,embrace autumn breeze leaf ambivalence dancing waltz choice uncertainty, Ambivalence ,2019-09-14, BreezeWaltzer , Facebook , #Ambivalence #AutumnWaltz ,14.0,28.0, UK ,2019,9,14,10,positive
263,267,gratitude guiding star navigating constellation blessing vast universe life precious moment, Grateful ,2022-03-12, StarNavigator , Twitter , #Grateful #GuidingStar ,19.0,38.0, Australia ,2022,3,12,19,positive
264,268,zestful heart sprinting field enthusiasm chasing sunbeam laughter meadow joy, Zest ,2023-03-30, MeadowSprinter , Instagram , #Zest #FieldsOfEnthusiasm ,16.0,32.0, India ,2023,3,30,16,positive
265,269,compassionate rain tear empathy falling gently nurturing seed kindness garden human connection, Compassionate ,2021-07-01, RainNurturer , Facebook , #Compassionate #TearsOfEmpathy ,21.0,42.0, Canada ,2021,7,1,12,positive
266,270,proudly scaling peak achievement mountaineer conquering challenge planting flag success, Proud ,2020-01-05, PeakConqueror , Twitter , #Proud #ScalingPeaks ,23.0,46.0, USA ,2020,1,5,8,positive
267,271,embraced hopeful dawn gardener sowing seed optimism tending bloom brighter tomorrow, Hopeful ,2022-07-17, DawnGardener , Instagram , #Hopeful #SeedsOfOptimism ,14.0,28.0, UK ,2022,7,17,6,positive
268,272,playful escapade carnival life carousel laughter cotton candy dream swirling joyous atmosphere, Playful ,2018-08-22, CarnivalDreamer , Facebook , #Playful #CarnivalEscapade ,24.0,48.0, Australia ,2018,8,22,17,positive
269,273,floating cloud inspiration artist painting sky stroke creativity creating masterpiece dream, Inspired ,2021-12-08, SkyArtist , Twitter , #Inspired #CloudsOfCreativity ,18.0,36.0, India ,2021,12,8,14,positive
270,274,navigating river contentment serene boat cruise tranquil water inner peace acceptance, Contentment ,2019-04-27, RiverNavigator , Instagram , #Contentment #TranquilWaters ,20.0,40.0, Canada ,2019,4,27,9,positive
271,275,empathy lantern wandering dark alley sorrow illuminating path compassion care, Empathetic ,2023-09-03, LanternWanderer , Facebook , #Empathetic #LanternOfCompassion ,16.0,32.0, USA ,2023,9,3,21,positive
272,276,free spirit soaring wing dream leaving trail independence azure sky boundless possibility, Free-spirited ,2020-06-10, DreamSoarer , Twitter , #FreeSpirit #WingsOfDreams ,22.0,44.0, UK ,2020,6,10,10,positive
273,277,bathed golden hue gratefulness sunset appreciation casting warm glow landscape heart, Grateful ,2022-04-01, SunsetAdmirer , Instagram , #Grateful #GoldenHues ,19.0,38.0, Australia ,2022,4,1,18,positive
274,278,confident stride dance life ballroom selfassuredness lead twirling challenge grace, Confident ,2021-01-15, DanceStrider , Facebook , #Confident #DanceOfLife ,23.0,46.0, Canada ,2021,1,15,13,positive
275,279,hopeful whisper wind carrying promise brighter tomorrow symphony optimism air possibility, Hopeful ,2023-05-06, WindWhisperer , Twitter , #Hopeful #BrighterTomorrows ,15.0,30.0, India ,2023,5,6,7,positive
276,280,playfully juggling responsibility circus performer balancing act work joy tossing laughter air, Playful ,2019-11-18, JugglingArtist , Instagram , #Playful #JugglingResponsibilities ,25.0,50.0, USA ,2019,11,18,15,positive
277,281,whispering tale inspiration star storyteller crafting constellation thread imagination, Inspired ,2020-08-29, StarStoryteller , Facebook , #Inspired #TalesToTheStars ,14.0,28.0, UK ,2020,8,29,20,positive
278,282,charting course wave hopeful anticipation sailor steering towards shore dream yet unexplored, Hopeful ,2022-10-30, WaveNavigator , Twitter , #Hopeful #SailorOfDreams ,17.0,34.0, Australia ,2022,10,30,11,positive
279,283,compassionate rain tear empathy falling gently nurturing seed kindness garden human connection, Compassionate ,2021-07-01, RainNurturer , Instagram , #Compassionate #TearsOfEmpathy ,21.0,42.0, Canada ,2021,7,1,12,positive
280,284,proudly scaling peak achievement mountaineer conquering challenge planting flag success, Proud ,2020-01-05, PeakConqueror , Twitter , #Proud #ScalingPeaks ,23.0,46.0, USA ,2020,1,5,8,positive
281,285,embraced hopeful dawn gardener sowing seed optimism tending bloom brighter tomorrow, Hopeful ,2022-07-17, DawnGardener , Instagram , #Hopeful #SeedsOfOptimism ,14.0,28.0, UK ,2022,7,17,6,positive
282,286,playful escapade carnival life carousel laughter cotton candy dream swirling joyous atmosphere, Playful ,2018-08-22, CarnivalDreamer , Facebook , #Playful #CarnivalEscapade ,24.0,48.0, Australia ,2018,8,22,17,positive
283,287,floating cloud inspiration artist painting sky stroke creativity creating masterpiece dream, Inspired ,2021-12-08, SkyArtist , Twitter , #Inspired #CloudsOfCreativity ,18.0,36.0, India ,2021,12,8,14,positive
284,288,navigating river contentment serene boat cruise tranquil water inner peace acceptance, Contentment ,2019-04-27, RiverNavigator , Instagram , #Contentment #TranquilWaters ,20.0,40.0, Canada ,2019,4,27,9,positive
285,289,empathy lantern wandering dark alley sorrow illuminating path compassion care, Empathetic ,2023-09-03, LanternWanderer , Facebook , #Empathetic #LanternOfCompassion ,16.0,32.0, USA ,2023,9,3,21,positive
286,290,free spirit soaring wing dream leaving trail independence azure sky boundless possibility, Free-spirited ,2020-06-10, DreamSoarer , Twitter , #FreeSpirit #WingsOfDreams ,22.0,44.0, UK ,2020,6,10,10,positive
287,291,bathed golden hue gratefulness sunset appreciation casting warm glow landscape heart, Grateful ,2022-04-01, SunsetAdmirer , Instagram , #Grateful #GoldenHues ,19.0,38.0, Australia ,2022,4,1,18,positive
288,292,confident stride dance life ballroom selfassuredness lead twirling challenge grace, Confident ,2021-01-15, DanceStrider , Facebook , #Confident #DanceOfLife ,23.0,46.0, Canada ,2021,1,15,13,positive
289,293,hopeful whisper wind carrying promise brighter tomorrow symphony optimism air possibility, Hopeful ,2023-05-06, WindWhisperer , Twitter , #Hopeful #BrighterTomorrows ,15.0,30.0, India ,2023,5,6,7,positive
290,294,playfully juggling responsibility circus performer balancing act work joy tossing laughter air, Playful ,2019-11-18, JugglingArtist , Instagram , #Playful #JugglingResponsibilities ,25.0,50.0, USA ,2019,11,18,15,positive
291,295,whispering tale inspiration star storyteller crafting constellation thread imagination, Inspired ,2020-08-29, StarStoryteller , Facebook , #Inspired #TalesToTheStars ,14.0,28.0, UK ,2020,8,29,20,positive
292,296,charting course wave hopeful anticipation sailor steering towards shore dream yet unexplored, Hopeful ,2022-10-30, WaveNavigator , Twitter , #Hopeful #SailorOfDreams ,17.0,34.0, Australia ,2022,10,30,11,positive
293,297,compassionate rain tear empathy falling gently nurturing seed kindness garden human connection, Compassionate ,2021-07-01, RainNurturer , Instagram , #Compassionate #TearsOfEmpathy ,21.0,42.0, Canada ,2021,7,1,12,positive
294,298,proudly scaling peak achievement mountaineer conquering challenge planting flag success, Proud ,2020-01-05, PeakConqueror , Twitter , #Proud #ScalingPeaks ,23.0,46.0, USA ,2020,1,5,8,positive
295,299,embraced hopeful dawn gardener sowing seed optimism tending bloom brighter tomorrow, Hopeful ,2022-07-17, DawnGardener , Instagram , #Hopeful #SeedsOfOptimism ,14.0,28.0, India ,2022,7,17,6,positive
296,300,playful escapade carnival life carousel laughter cotton candy dream swirling joyous atmosphere, Playful ,2018-08-22, CarnivalDreamer , Facebook , #Playful #CarnivalEscapade ,24.0,48.0, Australia ,2018,8,22,17,positive
297,301,drowning abyss despair heart shattered fragment lost echoing silence hopelessness, Despair ,2021-09-15, ShatteredHeart , Instagram , #Despair #EchoingSilence ,8.0,16.0, Canada ,2021,9,15,16,positive
298,302,bitterness festering like venomous vine entwining soul web resentment poisoning garden peace, Bitterness ,2019-03-08, VenomousSoul , Facebook , #Bitterness #ResentmentWeb ,12.0,24.0, UK ,2019,3,8,14,positive
299,303,wandering desert loneliness step heavy sigh mirage connection shimmering never materializing, Loneliness ,2017-07-20, DesertWanderer , Twitter , #Loneliness #MiragesOfConnection ,15.0,30.0, USA ,2017,7,20,11,positive
300,304,yearning touch thats echo distant warmth haunting heart cold embrace solitude, Yearning ,2020-11-02, ColdEmbrace , Instagram , #Yearning #DistantWarmth ,10.0,20.0, Australia ,2020,11,2,19,positive
301,305,eye wide open night fearful shadow dancing wall mind prisoner imagined horror, Fearful ,2022-05-12, NightPrisoner , Facebook , #Fearful #ImaginedHorrors ,18.0,36.0, India ,2022,5,12,2,positive
302,306,apprehensive step tightrope uncertainty balancing act fall seems inevitable anxiety constant companion, Apprehensive ,2023-04-08, TightropeWalker , Twitter , #Apprehensive #BalancingAct ,14.0,28.0, UK ,2023,4,8,13,positive
303,307,overwhelmed weight world atlas trembling shoulder responsibility boulder landscape exhaustion, Overwhelmed ,2021-06-25, AtlasBearer , Instagram , #Overwhelmed #BouldersOfExhaustion ,22.0,44.0, Canada ,2021,6,25,17,positive
304,308,jealousy greeneyed monster lurking shadow casting dark cloud sunshine others success, Jealous ,2019-08-30, GreenMonster , Facebook , #Jealous #GreenEyedMonster ,16.0,32.0, USA ,2019,8,30,10,positive
305,309,devastated storm betrayal wreckage trust scattered like debris heart torn wind broken promise, Devastated ,2022-08-03, StormSurvivor , Twitter , #Devastated #WindsOfBrokenPromises ,25.0,50.0, Australia ,2022,8,3,15,positive
306,310,frustrated finger tapping keyboard symphony annoyance composing unsolvable puzzle unmet expectation, Frustrated ,2020-12-17, PuzzleComposer , Instagram , #Frustrated #UnsolvablePuzzle ,12.0,24.0, India ,2020,12,17,9,positive
307,311,envious eye fixated gilded prize heartache fueled painful desire possession seem forever reach, Envious ,2021-02-28, GildedHeartache , Facebook , #Envious #GildedPrize ,20.0,40.0, USA ,2021,2,28,22,positive
308,312,dismissive glance fortress built indifference wall impenetrable plea understanding recognition, Dismissive ,2018-05-10, IndifferentFort , Twitter , #Dismissive #ImpenetrableWalls ,14.0,28.0, UK ,2018,5,10,14,positive
309,313,shattered dream lie floor like fragment glass mosaic disappointment crafted hand frustration, Frustrated ,2022-01-07, DreamMosaic , Instagram , #Frustrated #MosaicOfDisappointment ,15.0,30.0, Canada ,2022,1,7,11,positive
310,314,loneliness silent companion night echo chamber solitude heart solitary nocturne, Loneliness ,2019-09-19, NocturnalEcho , Facebook , #Loneliness #SolitaryNocturne ,18.0,36.0, Australia ,2019,9,19,3,positive
311,315,fearful whisper dark mind haunted specter unknown shadow dancing rhythm anxiety tune, Fearful ,2023-07-14, DarkWhispers , Twitter , #Fearful #SpecterOfTheUnknown ,13.0,26.0, UK ,2023,7,14,23,positive
312,316,bitterness bitter aftertaste lingering tongue word reminder wound refuse heal passing time, Bitterness ,2020-04-05, LingeringTaste , Instagram , #Bitterness #BitterAftertaste ,10.0,20.0, India ,2020,4,5,16,positive
313,317,overwhelmed cacophony expectation drowning soul tempest pressure struggling stay afloat, Overwhelmed ,2021-11-29, TempestSurvivor , Facebook , #Overwhelmed #DrowningSoul ,20.0,40.0, USA ,2021,11,29,8,positive
314,318,jealousy venom seeps vein poisoning heart turning breeding ground discontent, Jealous ,2019-12-12, VenomousHeart , Twitter , #Jealous #HeartOfDiscontent ,16.0,32.0, Australia ,2019,12,12,17,positive
315,319,devastated revelation betrayal trust shattered like fragile glass leaving shard pain wake, Devastated ,2022-05-20, FragileTrust , Instagram , #Devastated #ShatteredTrust ,25.0,50.0, Canada ,2022,5,20,14,positive
316,320,frustrated attempt mend broken connection thread understanding slipping finger like grain sand, Frustrated ,2020-09-03, BrokenThreads , Facebook , #Frustrated #SlippingThreads ,14.0,28.0, UK ,2020,9,3,12,positive
317,321,envious gaze cast upon podium success bitter pill swallowed taste lingering constant reminder unattained height, Envious ,2021-02-10, SuccessPill , Twitter , #Envious #BitterPill ,20.0,40.0, USA ,2021,2,10,19,positive
318,322,dismissive gesture curtain drawn shield vulnerability stage emotion take backseat performance indifference, Dismissive ,2018-08-18, CurtainShield , Instagram , #Dismissive #IndifferencePerformance ,12.0,24.0, Australia ,2018,8,18,14,positive
319,323,despair like heavy fog enveloping every thought blurring path ahead journey labyrinth utter hopelessness, Despair ,2022-02-28, FoggyLabyrinth , Facebook , #Despair #LabyrinthOfHopelessness ,8.0,16.0, Canada ,2022,2,28,21,positive
320,324,bitterness bitter chill air freezing moment icicle resentment dangle precariously landscape memory, Bitterness ,2019-10-15, IcyResentment , Twitter , #Bitterness #IciclesOfResentment ,15.0,30.0, UK ,2019,10,15,10,positive
321,325,loneliness solitary moon starless sky casting cold glow landscape isolation echo bounce empty space, Loneliness ,2017-12-01, SolitaryMoon , Instagram , #Loneliness #StarlessSky ,18.0,36.0, USA ,2017,12,1,18,positive
322,326,yearning warmth vanished sun heartache painted hue sunset never graced horizon, Yearning ,2020-04-18, VanishedSunset , Facebook , #Yearning #HuesOfSunset ,10.0,20.0, Australia ,2020,4,18,16,positive
323,327,fearful eye scanning shadow prisoner night terrorized lurking monster born mind darkest corner, Fearful ,2023-01-07, NightPrisoner , Twitter , #Fearful #LurkingMonsters ,18.0,36.0, India ,2023,1,7,3,positive
324,328,apprehensive whisper wind forecast uncertainty mind weather vane spinning wildly storm doubt, Apprehensive ,2021-06-10, WindWhisperer , Instagram , #Apprehensive #StormOfDoubt ,14.0,28.0, Canada ,2021,6,10,10,positive
325,329,overwhelmed maze expectation minotaur pressure lurking labyrinth waiting devour spirit resilience, Overwhelmed ,2020-02-22, MazeExplorer , Facebook , #Overwhelmed #MinotaurOfPressure ,22.0,44.0, USA ,2020,2,22,15,positive
326,330,jealousy festering wound pain intensifying glance garden others achievement blooming beyond fence, Jealous ,2018-03-17, WoundedGarden , Twitter , #Jealous #BloomingAchievements ,16.0,32.0, UK ,2018,3,17,14,positive
327,331,devastated heart ruin echo shattered dream reverberating chamber requiem whole, Devastated ,2022-10-28, RuinedHeart , Instagram , #Devastated #EchoesOfShatteredDreams ,25.0,50.0, Australia ,2022,10,28,11,positive
328,332,frustrated attempt untangle knot confusion thread understanding slipping labyrinth miscommunication, Frustrated ,2020-11-01, KnotUntangler , Facebook , #Frustrated #LabyrinthOfMiscommunication ,14.0,28.0, India ,2020,11,1,12,positive
329,333,envious eye locked treasure chest opportunity heartache fueled desire key seem forever elusive, Envious ,2021-01-15, ElusiveKeys , Twitter , #Envious #DesireForKeys ,20.0,40.0, USA ,2021,1,15,22,positive
330,334,dismissive gesture curtain drawn shield vulnerability stage emotion take backseat performance indifference, Dismissive ,2018-08-18, IndifferentFort , Instagram , #Dismissive #IndifferencePerformance ,12.0,24.0, Australia ,2018,8,18,14,positive
331,335,shattered dream lie floor like fragment glass mosaic disappointment crafted hand frustration, Frustrated ,2022-01-07, DreamMosaic , Twitter , #Frustrated #MosaicOfDisappointment ,15.0,30.0, Canada ,2022,1,7,11,positive
332,336,loneliness silent companion night echo chamber solitude heart solitary nocturne, Loneliness ,2019-09-19, NocturnalEcho , Facebook , #Loneliness #SolitaryNocturne ,18.0,36.0, Australia ,2019,9,19,3,positive
333,337,awestruck breathtaking sunrise mountain, Awe           ,2022-04-03, NatureAdmirer  , Instagram , #Awe #BreathtakingSunrise                   ,28.0,55.0, USA               ,2022,4,3,6,positive
334,338,navigating challenge determination, Determination ,2023-10-12, GoalPursuer    , Twitter  , #Determination #Challenges                  ,15.0,30.0, Canada            ,2023,10,12,10,positive
335,339,nostalgia hit flipping old photo album, Nostalgia      ,2019-06-28, MemoryLane     , Facebook , #Nostalgia #OldMemories                     ,22.0,45.0, UK                ,2019,6,28,19,positive
336,340,thrilled witness grandeur cultural festival, Thrill        ,2020-09-15, CultureEnthusiast , Instagram , #Thrill #CulturalCelebration              ,40.0,80.0, India              ,2020,9,15,14,positive
337,341,calmness found rhythm raindrop windowpane, Calmness      ,2017-11-08, RainWatcher    , Twitter  , #Calmness #RainyDays                        ,18.0,35.0, Australia          ,2017,11,8,21,positive
338,342,overwhelmed support received personal challenge, Overwhelmed   ,2021-05-20, PersonalJourney , Facebook , #Overwhelmed #SupportiveCommunity          ,25.0,50.0, USA               ,2021,5,20,17,positive
339,343,excitement build countdown longawaited vacation begin, Excitement ,2023-01-10, VacationDreamer , Instagram , #Excitement #VacationCountdown        ,30.0,60.0, France            ,2023,1,10,12,positive
340,344,reflecting life journey grateful lesson learned, Gratitude   ,2018-12-05, LifeLearner   , Twitter  , #Gratitude #LifeLessons                    ,35.0,70.0, Brazil            ,2018,12,5,8,positive
341,345,bittersweet emotion arise bidding farewell dear friend, Bittersweet ,2020-03-15, FarewellSender , Instagram , #Bittersweet #Farewell                     ,20.0,40.0, Japan             ,2020,3,15,18,positive
342,346,curiosity sparked exploring mysterious ancient ruin, Curiosity     ,2016-08-22, HistoryExplorer , Facebook , #Curiosity #AncientDiscovery          ,18.0,35.0, Greece            ,2016,8,22,15,positive
343,347,admiration intricate detail handcrafted masterpiece, Admiration    ,2019-08-20, CraftEnthusiast , Instagram , #Admiration #HandcraftedArt               ,25.0,50.0, USA               ,2019,8,20,16,positive
344,348,overjoyed warmth cozy fireplace winter evening, Overjoyed     ,2021-12-08, WinterLover     , Twitter  , #Overjoyed #WinterWarmth                  ,18.0,35.0, Canada            ,2021,12,8,19,positive
345,349,inspiration strike observing color vibrant sunset, Inspiration   ,2020-06-10, SunsetWatcher   , Instagram , #Inspiration #ColorfulSunset             ,30.0,60.0, UK                ,2020,6,10,20,positive
346,350,motivated achieve fitness goal invigorating workout, Motivation    ,2022-02-28, FitnessJunkie   , Facebook , #Motivation #FitnessGoals                 ,40.0,80.0, Australia          ,2022,2,28,7,positive
347,351,gratitude simple joy found cup morning coffee, Gratitude     ,2017-04-15, CoffeeLover     , Twitter  , #Gratitude #MorningCoffee                 ,22.0,45.0, India             ,2017,4,15,8,positive
348,352,feeling empowered conquering challenging hiking trail, Empowerment   ,2018-09-05, HikingExplorer  , Instagram , #Empowerment #HikingAdventure             ,35.0,70.0, USA               ,2018,9,5,14,positive
349,353,amused antic playful kitten playtime, Amusement     ,2022-10-22, KittyObserver   , Facebook , #Amusement #PlayfulKittens               ,15.0,30.0, Canada            ,2022,10,22,12,positive
350,354,contemplating life mystery starry night sky, Contemplation ,2016-07-02, Stargazer       , Twitter  , #Contemplation #StarryNight               ,28.0,55.0, UK                ,2016,7,2,23,positive
351,355,joyful reunion longlost friend year separation, JoyfulReunion ,2020-11-18, FriendshipRenewal , Instagram , #JoyfulReunion #Friendship               ,20.0,40.0, India             ,2020,11,18,17,positive
352,356,excitement build preparing surprise celebration, Excitement    ,2023-03-05, CelebrationPlanner , Facebook , #Excitement #SurpriseCelebration         ,30.0,60.0, Australia          ,2023,3,5,15,positive
353,357,satisfaction derived successfully completing diy project, Satisfaction  ,2015-12-01, DIYEnthusiast   , Twitter  , #Satisfaction #DIYProject                 ,25.0,50.0, USA               ,2015,12,1,11,positive
354,358,feeling blessed supportive community time need, Blessed       ,2021-09-10, CommunityHelper , Instagram , #Blessed #SupportiveCommunity            ,18.0,35.0, UK                ,2021,9,10,9,positive
355,359,captivated serenity tranquil garden full bloom, Serenity      ,2018-05-12, GardenEnthusiast , Facebook , #Serenity #TranquilGarden                ,22.0,45.0, Canada            ,2018,5,12,14,positive
356,360,anticipation upcoming adventure exotic destination, Anticipation  ,2022-07-25, Wanderlust      , Twitter  , #Anticipation #AdventureAwaits           ,40.0,80.0, India             ,2022,7,25,10,positive
357,361,reflecting personal growth achieved life experience, Reflection    ,2019-03-08, GrowthSeeker    , Instagram , #Reflection #PersonalGrowth              ,35.0,70.0, USA               ,2019,3,8,18,positive
358,362,nostalgic memory flood revisiting childhood favorite, Nostalgia     ,2017-01-28, ChildhoodMemories , Facebook , #Nostalgia #ChildhoodFavorites           ,20.0,40.0, Australia          ,2017,1,28,21,positive
359,363,appreciation vibrant culture experienced travel, Appreciation  ,2016-11-14, CultureExplorer , Twitter  , #Appreciation #CulturalExperience        ,28.0,55.0, UK                ,2016,11,14,13,positive
360,364,confidence soar overcoming public speaking anxiety, Confidence    ,2020-04-02, PublicSpeaker   , Instagram , #Confidence #OvercomingAnxiety          ,15.0,30.0, USA               ,2020,4,2,17,positive
361,365,contentment midst family gathering filled laughter, Contentment   ,2023-01-15, FamilyCelebration , Facebook , #Contentment #FamilyLaughter             ,25.0,50.0, Canada            ,2023,1,15,19,positive
362,366,enthusiasm learning new skill expanding knowledge, Enthusiasm    ,2018-08-07, LifelongLearner , Twitter  , #Enthusiasm #SkillBuilding               ,30.0,60.0, India             ,2018,8,7,12,positive
363,367,surprise delight discovering hidden gem city, Surprise      ,2019-10-18, CityExplorer    , Instagram , #Surprise #HiddenGem                      ,18.0,35.0, UK                ,2019,10,18,16,positive
364,368,sense accomplishment completing challenging workout, Accomplishment ,2022-06-30, FitnessAchiever , Facebook , #Accomplishment #FitnessSuccess         ,22.0,45.0, Australia          ,2022,6,30,7,positive
365,369,wonderment beauty double rainbow rain, Wonderment    ,2017-06-12, RainbowChaser   , Twitter  , #Wonderment #DoubleRainbow               ,35.0,70.0, USA               ,2017,6,12,18,positive
366,370,optimism bright future amidst challenging time, Optimism      ,2021-07-05, FutureOptimist  , Instagram , #Optimism #BrightFuture                  ,20.0,40.0, Canada            ,2021,7,5,9,positive
367,371,pride achieving personal milestone career progression, Pride         ,2016-04-15, CareerAchiever  , Facebook , #Pride #CareerMilestone                  ,28.0,55.0, UK                ,2016,4,15,14,positive
368,372,happiness bloom like flower garden sunny day, Happiness     ,2020-02-10, SunnyDayEnthusiast , Twitter  , #Happiness #SunnyDay                      ,15.0,30.0, India             ,2020,2,10,11,positive
369,373,elation discovering rare book quaint bookstore, Elation       ,2018-09-22, Bookworm        , Instagram , #Elation #RareBookDiscovery              ,40.0,80.0, USA               ,2018,9,22,16,positive
370,374,curiosity piqued mystery ancient archaeological site, Curiosity   ,2015-11-08, ArchaeologyEnthusiast , Facebook , #Curiosity #AncientMysteries            ,18.0,35.0, Australia          ,2015,11,8,10,positive
371,375,mesmerized cosmic dance firefly moonlit night, Enchantment   ,2022-08-10, NightSkyObserver , Instagram , #Enchantment #CosmicFireflies             ,25.0,50.0, Brazil           ,2022,8,10,22,positive
372,376,intrigued symphony color abstract art exhibition, Intrigue      ,2019-04-05, ArtConnoisseur  , Twitter  , #Intrigue #AbstractArt                   ,18.0,35.0, France           ,2019,4,5,17,positive
373,377,giggle joy echo air childrens playdate, PlayfulJoy    ,2020-12-15, PlayfulParent   , Facebook , #PlayfulJoy #ChildrensPlaydate           ,22.0,45.0, Japan            ,2020,12,15,15,positive
374,378,enveloped serenity practicing mindfulness lake, Mindfulness   ,2017-10-20, ZenSeeker       , Instagram , #Mindfulness #LakeTranquility            ,35.0,70.0, Canada           ,2017,10,20,8,positive
375,379,chasing dream like kite soaring high vast open sky, DreamChaser   ,2021-02-28, SkyDreamer      , Twitter  , #DreamChaser #SkyHighDreams              ,30.0,60.0, Australia         ,2021,2,28,13,positive
376,380,spellbound elegance ballroom dance crystal chandelier, Elegance ,2018-06-12, DanceEnthusiast , Facebook , #Elegance #BallroomDance                ,28.0,55.0, UK               ,2018,6,12,20,positive
377,381,whimsical delight world fairy tale magical creature, Whimsy        ,2016-03-08, FairyTaleExplorer , Instagram , #Whimsy #MagicalWorld                    ,20.0,40.0, USA             ,2016,3,8,14,positive
378,382,pensive contemplation amid ancient ruin forgotten civilization, Pensive ,2023-04-18, RuinsExplorer   , Twitter  , #Pensive #AncientCivilization           ,18.0,35.0, Greece           ,2023,4,18,17,positive
379,383,embracing thrill speed rollercoasters exhilarating twist, Thrill      ,2020-07-25, RollercoasterFan , Facebook , #Thrill #RollercoasterAdventure        ,22.0,45.0, Germany         ,2020,7,25,12,positive
380,384,harmony resonates musician play melody unity togetherness, Harmony    ,2019-11-30, MusicHarmonist  , Instagram , #Harmony #MusicalUnity                   ,35.0,70.0, Sweden          ,2019,11,30,19,positive
381,385,burst creativity quiet solitude artist studio, Creativity   ,2015-09-01, StudioArtist    , Twitter  , #Creativity #ArtistsHaven               ,15.0,30.0, Italy           ,2015,9,1,16,positive
382,386,radiant joy akin blooming flower sunkissed spring morning, Radiance    ,2022-05-05, SpringEnthusiast , Facebook , #Radiance #SpringBlooms                 ,25.0,50.0, Netherlands     ,2022,5,5,10,positive
383,387,sense wonder vastness cosmos stargazing night, Wonder     ,2018-07-08, CosmosExplorer  , Instagram , #Wonder #StargazingAdventure            ,40.0,80.0, South Africa    ,2018,7,8,23,positive
384,388,rejuvenated salty breeze sound wave seaside, Rejuvenation ,2021-09-20, SeaBreezeLover , Twitter  , #Rejuvenation #SeasideEscape            ,18.0,35.0, Spain           ,2021,9,20,14,positive
385,389,whisper inspiration rustling leaf serene forest, Inspiration ,2016-11-15, ForestDreamer   , Facebook , #Inspiration #ForestWhispers            ,28.0,55.0, Portugal        ,2016,11,15,11,positive
386,390,savoring warmth cup cocoa chilly winter evening, Coziness     ,2020-01-12, WinterWarmth    , Instagram , #Coziness #WarmWinterEvening           ,30.0,60.0, Switzerland     ,2020,1,12,18,positive
387,391,heartfelt gratitude laughter shared family reunion, Gratitude  ,2017-12-28, FamilyGatherer , Facebook , #Gratitude #FamilyLaughter              ,22.0,45.0, Austria         ,2017,12,28,19,positive
388,392,embarking culinary adventure savoring exotic flavor around world, Adventure ,2019-03-02, CulinaryExplorer , Twitter  , #Adventure #CulinaryJourney             ,35.0,70.0, Belgium         ,2019,3,2,20,positive
389,393,euphoria flood final puzzle piece click place, Euphoria   ,2022-06-08, PuzzleSolver    , Instagram , #Euphoria #PuzzleCompletion            ,20.0,40.0, Denmark         ,2022,6,8,15,positive
390,394,aweinspired grandeur ancient cathedral intricate architecture, Awe    ,2018-08-18, CathedralVisitor , Facebook , #Awe #ArchitecturalGrandeur            ,18.0,35.0, Czech Republic  ,2018,8,18,14,positive
391,395,captivated ethereal beauty field filled firefly, Enchantment   ,2022-08-10, NightSkyObserver , Instagram , #Enchantment #FireflyField              ,25.0,50.0, Brazil           ,2022,8,10,22,positive
392,396,immersed enchanting melody street musician violin, Melodic       ,2019-04-05, MusicLover      , Twitter  , #Melodic #StreetMusic                   ,18.0,35.0, France           ,2019,4,5,17,positive
393,397,joyful laughter resonates lively summer carnival, FestiveJoy    ,2020-12-15, CarnivalGoer    , Facebook , #FestiveJoy #SummerCarnival             ,22.0,45.0, Japan            ,2020,12,15,15,positive
394,398,exploring universe within mindful meditation session, InnerJourney  ,2017-10-20, MindfulExplorer , Instagram , #InnerJourney #MeditationBliss          ,35.0,70.0, Canada           ,2017,10,20,8,positive
395,399,soaring like free spirit wind coastal cliff, Freedom       ,2021-02-28, CoastalExplorer , Twitter  , #Freedom #CoastalAdventure              ,30.0,60.0, Australia         ,2021,2,28,13,positive
396,400,dazzled elegance masquerade ball dazzling costume, Dazzle        ,2018-06-12, MasqueradeAttendee , Facebook , #Dazzle #MasqueradeElegance            ,28.0,55.0, UK               ,2018,6,12,20,positive
397,401,whimsical delight world whimsical fairy tale, Whimsy        ,2016-03-08, FairyTaleAdventurer , Instagram , #Whimsy #FairyTaleMagic                 ,20.0,40.0, USA             ,2016,3,8,14,positive
398,402,reflective contemplation amid ruin forgotten era, Reflection    ,2023-04-18, RuinsExplorer   , Twitter  , #Reflection #ForgottenEra               ,18.0,35.0, Greece           ,2023,4,18,17,positive
399,403,riding adrenaline rush rollercoasters wild twist, Adrenaline     ,2020-07-25, ThrillSeeker    , Facebook , #Adrenaline #RollercoasterThrills      ,22.0,45.0, Germany         ,2020,7,25,12,positive
400,404,harmony resonates musician play symphony unity, Harmony       ,2019-11-30, MusicHarmonist  , Instagram , #Harmony #MusicalUnity                   ,35.0,70.0, Sweden          ,2019,11,30,19,positive
401,405,burst artistic creativity quietude artist studio, ArtisticBurst ,2015-09-01, StudioArtist    , Twitter  , #ArtisticBurst #StudioCreativity       ,15.0,30.0, Italy           ,2015,9,1,16,positive
402,406,radiant joy akin blossoming flower sunlit spring morning, Radiance      ,2022-05-05, SpringEnthusiast , Facebook , #Radiance #SpringBlooms                 ,25.0,50.0, Netherlands     ,2022,5,5,10,positive
403,407,aweinspired vastness cosmos stargazing night, Wonder       ,2018-07-08, CosmosExplorer  , Instagram , #Wonder #StargazingAdventure            ,40.0,80.0, South Africa    ,2018,7,8,23,positive
404,408,rejuvenated salty breeze sound wave seaside, Rejuvenation ,2021-09-20, SeaBreezeLover , Twitter  , #Rejuvenation #SeasideEscape            ,18.0,35.0, Spain           ,2021,9,20,14,positive
405,409,whisper inspiration rustling leaf serene forest, Inspiration  ,2016-11-15, ForestDreamer   , Facebook , #Inspiration #ForestWhispers            ,28.0,55.0, Portugal        ,2016,11,15,11,positive
406,410,savoring warmth cup cocoa chilly winter evening, Coziness     ,2020-01-12, WinterWarmth    , Instagram , #Coziness #WarmWinterEvening           ,30.0,60.0, Switzerland     ,2020,1,12,18,positive
407,411,heartfelt gratitude laughter shared family reunion, Gratitude  ,2017-12-28, FamilyGatherer , Facebook , #Gratitude #FamilyLaughter              ,22.0,45.0, Austria         ,2017,12,28,19,positive
408,412,embarking culinary odyssey savoring flavor around world, CulinaryOdyssey ,2019-03-02, CulinaryExplorer , Twitter  , #CulinaryOdyssey #FlavorsAroundTheWorld ,35.0,70.0, Belgium         ,2019,3,2,20,positive
409,413,euphoria flood final puzzle piece fit perfectly, Euphoria     ,2022-06-08, PuzzleSolver    , Instagram , #Euphoria #PerfectPuzzle               ,20.0,40.0, Denmark         ,2022,6,8,15,positive
410,414,awestruck grandeur ancient cathedral intricate architecture, Awe    ,2018-08-18, CathedralVisitor , Facebook , #Awe #ArchitecturalGrandeur            ,18.0,35.0, Czech Republic  ,2018,8,18,14,positive
411,415,curiosity awakened mystery ancient archaeological site, Curiosity  ,2015-11-08, ArchaeologyEnthusiast , Instagram , #Curiosity #AncientMysteries          ,18.0,35.0, Australia ,2015,11,8,10,positive
412,416,giddy excitement first snowflake dance sky, Excitement   ,2020-12-02, SnowfallEnthusiast , Twitter  , #Excitement #SnowfallMagic             ,22.0,45.0, Canada         ,2020,12,2,17,positive
413,417,contentment envelops aroma freshly baked bread fill air, Contentment ,2017-06-10, BreadLover     , Instagram , #Contentment #FreshBreadAroma          ,28.0,55.0, France          ,2017,6,10,12,positive
414,418,inspired resilience lone tree standing tall storm, Resilience   ,2021-04-15, NatureResilient , Facebook , #Resilience #StandingTall              ,35.0,70.0, USA             ,2021,4,15,14,positive
415,419,lost page captivating novel transported another world, Immersion ,2019-09-28, Bookworm       , Twitter  , #Immersion #CaptivatingNovel           ,20.0,40.0, UK              ,2019,9,28,19,positive
416,420,drenched nostalgia flipping old family photo album, Nostalgia ,2016-12-05, FamilyHistorian , Instagram , #Nostalgia #FamilyPhotoAlbum           ,25.0,50.0, India          ,2016,12,5,21,positive
417,421,spark inspiration ignites like shooting star night sky, Spark        ,2018-02-10, NightSkyWatcher , Facebook , #Spark #InspirationIgnited             ,30.0,60.0, Australia      ,2018,2,10,23,positive
418,422,imbued gratitude simple pleasure warm cup tea, Gratitude    ,2023-02-15, TeaEnthusiast  , Twitter  , #Gratitude #WarmTea                    ,18.0,35.0, Japan           ,2023,2,15,8,positive
419,423,marveling kaleidoscope color vibrant street market, Marvel       ,2015-08-22, MarketExplorer , Instagram , #Marvel #ColorfulStreetMarket          ,22.0,45.0, Brazil          ,2015,8,22,15,positive
420,424,awash serenity sun set tranquil lakeside retreat, Serenity   ,2020-11-20, LakesideRetreater , Facebook , #Serenity #TranquilSunset              ,28.0,55.0, Germany       ,2020,11,20,18,positive
421,425,drowning sorrow memory lost love resurface, Heartbreak    ,2019-08-05, LostInLove      , Instagram , #Heartbreak #LostLove                    ,15.0,30.0, USA             ,2019,8,5,21,positive
422,426,numbness set weight loneliness grows heavier, Loneliness    ,2021-02-12, SolitudeSeeker , Twitter  , #Loneliness #HeavyHeart                  ,18.0,35.0, Canada          ,2021,2,12,16,positive
423,427,tear fall like raindrop mourning end cherished friendship, Grief      ,2020-11-28, FriendshipsEnd  , Facebook , #Grief #LostFriendship                  ,22.0,45.0, UK              ,2020,11,28,14,positive
424,428,despair cloud mind feeling adrift endless sea darkness, Despair   ,2016-05-15, LostInDarkness  , Instagram , #Despair #EndlessDarkness               ,28.0,55.0, Australia        ,2016,5,15,22,positive
425,429,shattered betrayal trust crumbles like fragile glass, Betrayal      ,2018-09-10, BrokenTrust     , Twitter  , #Betrayal #ShatteredTrust               ,22.0,45.0, Germany         ,2018,9,10,13,positive
426,430,aching heart symphony pain play silence solitude, Suffering ,2022-03-20, SilentSufferer  , Facebook , #Suffering #HeartacheSymphony          ,25.0,50.0, Brazil          ,2022,3,20,19,positive
427,431,emotional storm whirlwind sadness engulfs every thought, EmotionalStorm ,2017-07-18, StormyFeelings  , Instagram , #EmotionalStorm #SadnessWhirlwind      ,30.0,60.0, India          ,2017,7,18,17,positive
428,432,haunted regret ghost past lingers relentlessly, Regret        ,2018-12-15, LingeringGhost  , Twitter  , #Regret #HauntedPast                    ,18.0,35.0, France         ,2018,12,15,10,positive
429,433,torn apart grief echo loss reverberate soul, Grief      ,2015-06-28, EchoesOfLoss    , Facebook , #Grief #TornApart                       ,28.0,55.0, Italy         ,2015,6,28,21,positive
430,434,isolation deepens emotional winter warmth distant memory, Isolation ,2020-04-02, WinterOfEmotions , Instagram , #Isolation #EmotionalWinter            ,35.0,70.0, Japan       ,2020,4,2,14,positive
431,435,soulcrushing disappointment hope shattered like fragile glass, Disappointment ,2019-10-08, ShatteredHopes  , Twitter  , #Disappointment #CrushedHopes          ,20.0,40.0, Spain        ,2019,10,8,18,positive
432,436,painful echo love cherished lost abyss time, LostLove ,2016-11-22, AbyssOfTime     , Facebook , #LostLove #PainfulEchoes               ,22.0,45.0, Netherlands  ,2016,11,22,9,positive
433,437,heartache deepens solitary journey abyss despair, Despair   ,2022-08-18, SolitaryDescent , Instagram , #Despair #AbyssOfHeartache             ,40.0,80.0, South Africa ,2022,8,18,22,positive
434,438,melancholy lingers bittersweet serenade quietude solitude, Melancholy ,2017-03-12, SerenadeOfSolitude , Twitter , #Melancholy #QuietSerenade             ,18.0,35.0, UK         ,2017,3,12,23,positive
435,439,bitterness like poison seeping every crevice wounded heart, Bitterness ,2015-12-15, PoisonedHeart   , Facebook , #Bitterness #WoundedHeart              ,25.0,50.0, Australia   ,2015,12,15,16,positive
436,440,emotional exhaustion weight world crushing weary shoulder, Exhaustion ,2021-09-05, WearySoulCrushed , Instagram , #Exhaustion #CrushedSpirit             ,35.0,70.0, Canada     ,2021,9,5,13,positive
437,441,sorrowful echo symphony pain played string loss, Sorrow      ,2018-05-22, StringsOfSorrow , Twitter  , #Sorrow #SymphonyOfLoss                ,18.0,35.0, Germany     ,2018,5,22,20,positive
438,442,darkness descends engulfing soul shadow despair, Darkness     ,2016-07-10, SoulInShadow    , Facebook , #Darkness #SoulEngulfed                 ,28.0,55.0, USA         ,2016,7,10,18,positive
439,443,desperation whisper silent plea glimmer hope abyss, Desperation ,2019-04-30, WhisperedDespair , Instagram , #Desperation #GlimmerOfHope            ,22.0,45.0, France    ,2019,4,30,14,positive
440,444,heart ruin remnant shattered dream scattered wind, Ruins      ,2022-01-08, DreamsInWind    , Twitter  , #Ruins #ShatteredDreams                ,20.0,40.0, Brazil     ,2022,1,8,11,positive
441,445,shattered echo shattered dream fragment hope scattered, Desolation ,2017-09-10, DreamEchoes , Twitter , #Desolation #ScatteredHope ,20.0,40.0, Australia ,2017,9,10,19,positive
442,446,avoiding thorn regret walking barefoot path remorse, Regret ,2022-04-18, RemorseWalker , Instagram , #Regret #PathOfRemorse ,25.0,50.0, Canada ,2022,4,18,11,positive
443,447,labyrinth grief wall echo footstep lost joy, Grief ,2018-12-05, JoyLabyrinth , Facebook , #Grief #LostJoyFootsteps ,18.0,35.0, USA ,2018,12,5,21,positive
444,448,soul adrift sea solitude wave loneliness crashing relentlessly, Loneliness ,2016-06-28, SolitudeSeas , Twitter , #Loneliness #CrashingWaves ,22.0,45.0, UK ,2016,6,28,14,positive
445,449,bitterness betrayal taste lingers staining palate trust, Bitterness ,2019-10-22, PalateStainer , Instagram , #Bitterness #StainedTrust ,15.0,30.0, Germany ,2019,10,22,17,positive
446,450,ruin hope echo shattered dream whisper tale loss, Desolation ,2021-03-15, HopeRuins , Facebook , #Desolation #WhisperedLoss ,28.0,55.0, Brazil ,2021,3,15,22,positive
447,451,sinking like stone ocean heartbreak ripple sigh despair, Heartbreak ,2017-08-10, OceanSinker , Twitter , #Heartbreak #RippleOfDespair ,22.0,45.0, France ,2017,8,10,19,positive
448,452,tear ink staining page journal testament silent grief, Grief ,2023-01-28, InkJournalist , Instagram , #Grief #SilentTears ,30.0,60.0, India ,2023,1,28,14,positive
449,453,wasteland lost trust echo broken promise reverberate, Betrayal ,2016-12-12, TrustWasteland , Facebook , #Betrayal #ReverberatingPromises ,25.0,50.0, Italy ,2016,12,12,10,positive
450,454,avoiding shard shattered dream walking tightrope resilience, Resilience ,2020-07-18, DreamTightrope , Twitter , #Resilience #TightropeWalk ,35.0,70.0, Japan ,2020,7,18,15,positive
451,455,suffocating silence solitude echo laughter thrived, Isolation ,2022-05-20, EchoedLaughter , Instagram , #Isolation #SilentSolitude ,30.0,60.0, South Africa ,2022,5,20,20,positive
452,456,haunted specter lost possibility ghost refuse fade away, Regret ,2019-11-08, PossibilityGhost , Twitter , #Regret #FadingPossibilities ,18.0,35.0, Spain ,2019,11,8,14,positive
453,457,labyrinth despair echo broken heart reverberate endlessly, Despair ,2017-03-28, EndlessLabyrinth , Facebook , #Despair #EndlessReverberation ,28.0,55.0, Australia ,2017,3,28,22,positive
454,458,sinking like autumn leaf river sorrow carried away current, Sorrow ,2020-09-15, RiverOfSorrow , Instagram , #Sorrow #AutumnLeaves ,22.0,45.0, Canada ,2020,9,15,18,positive
455,459,garden broken dream petal fall silent testimony shattered hope, Desolation ,2018-06-10, DreamGardener , Twitter , #Desolation #ShatteredHopes ,20.0,40.0, UK ,2018,6,10,13,positive
456,460,tear currency grief spent marketplace lost love longing, Grief ,2016-12-22, CurrencyOfTears , Facebook , #Grief #LostLoveLonging ,25.0,50.0, USA ,2016,12,22,21,positive
457,461,wandering maze betrayal wall closing every wrong turn, Betrayal ,2021-01-05, MazeWanderer , Instagram , #Betrayal #ClosingWalls ,15.0,30.0, Germany ,2021,1,5,16,positive
458,462,soul weathered storm heartbreak seeking refuge calm, Heartbreak ,2019-04-18, StormSeeker , Twitter , #Heartbreak #CalmAfterStorm ,22.0,45.0, Brazil ,2019,4,18,11,positive
459,463,tapestry despair thread hope unravel leaving portrait sorrow, Despair ,2017-08-28, TapestrySorrow , Facebook , #Despair #UnraveledHope ,18.0,35.0, India ,2017,8,28,19,positive
460,464,like withered rose garden love petal fall silent surrender time, Loss ,2023-02-10, WitheredRose , Instagram , #Loss #SilentSurrender ,28.0,55.0, France ,2023,2,10,14,positive
461,465,void heartache echo love song play note pang longing, Heartache ,2022-07-10, LoveSongEcho , Instagram , #Heartache #LoveSongLonging ,30.0,60.0, Japan ,2022,7,10,22,positive
462,466,nostalgia bittersweet dance moonlit ballroom cherished memory, Nostalgia ,2019-05-15, MoonlitMemories , Twitter , #Nostalgia #CherishedMemories ,18.0,35.0, Italy ,2019,5,15,21,positive
463,467,symphony grief tear note composing melancholic melody, Grief ,2018-11-28, SymphonyOfTears , Facebook , #Grief #MelancholicMelody ,22.0,45.0, Germany ,2018,11,28,14,positive
464,468,betrayal venomous serpent slithering garden trust poisoning root, Betrayal ,2021-03-02, VenomousGarden , Instagram , #Betrayal #PoisonedTrust ,25.0,50.0, Canada ,2021,3,2,17,positive
465,469,sinking quicksand despair harder fight deeper descend, Despair ,2016-10-18, QuicksandFighter , Twitter , #Despair #DeepDescent ,20.0,40.0, USA ,2016,10,18,19,positive
466,470,wandering cemetery lost dream tombstone marking untold sorrow, Desolation ,2020-08-15, DreamCemetery , Facebook , #Desolation #UntoldSorrows ,28.0,55.0, France ,2020,8,15,12,positive
467,471,swept away river regret current past refusing release, Regret ,2017-04-28, RegretRiver , Instagram , #Regret #PastCurrents ,18.0,35.0, UK ,2017,4,28,16,positive
468,472,whisper lost love linger attic heart forgotten erased, Loss ,2019-09-10, HeartAttic , Twitter , #Loss #ForgottenLove ,22.0,45.0, Australia ,2019,9,10,21,positive
469,473,gallery broken promise shattered vow framed painful exhibition, Betrayal ,2022-01-28, PromiseGallery , Facebook , #Betrayal #ShatteredVows ,15.0,30.0, Brazil ,2022,1,28,13,positive
470,474,echo solitude silent conversation soul shadow, Solitude ,2016-06-15, EchoedConversation , Instagram , #Solitude #ShadowConversation ,30.0,60.0, Spain ,2016,6,15,22,positive
471,475,dancing sunshine step celebration joy found simple moment, Joy ,2021-08-20, SunshineDancer , Instagram , #Joy #SimpleMoments ,40.0,80.0, USA ,2021,8,20,15,positive
472,476,laughter echo air chorus happiness lift spirit higher, Happiness ,2018-04-12, EchoedLaughter , Twitter , #Happiness #SpiritLifter ,35.0,70.0, Canada ,2018,4,12,18,positive
473,477,garden contentment bloom whisper tale inner peace joy, Contentment ,2022-02-15, GardenOfJoy , Facebook , #Contentment #InnerPeace ,25.0,50.0, UK ,2022,2,15,12,positive
474,478,chasing dream vibrant sky journey fueled hope enthusiasm, Enthusiasm ,2019-10-28, DreamChaser , Instagram , #Enthusiasm #HopefulJourney ,30.0,60.0, Australia ,2019,10,28,14,positive
475,479,serenading star heart full gratitude melody thankfulness, Gratitude ,2017-12-22, StarSerenader , Twitter , #Gratitude #ThankfulMelody ,22.0,45.0, India ,2017,12,22,21,positive
476,480,basking glow accomplishment milestone stepping stone happiness, Accomplishment ,2020-06-10, GlowAchiever , Facebook , #Accomplishment #HappinessMilestone ,28.0,55.0, Germany ,2020,6,10,17,positive
477,481,dance positivity every step rhythm uplifting soul harmony, Positivity ,2016-09-18, DanceHarmony , Instagram , #Positivity #SoulUpliftment ,18.0,35.0, France ,2016,9,18,19,positive
478,482,overflowing joy cup laughter shared friend moment cherished, Joy ,2023-03-10, LaughterCup , Twitter , #Joy #CherishedMoment ,20.0,40.0, Japan ,2023,3,10,14,positive
479,483,draped warmth kindness quilt compassion stitched love, Kindness ,2019-05-05, QuiltedCompassion , Facebook , #Kindness #LoveStitches ,25.0,50.0, Brazil ,2019,5,5,12,positive
480,484,garden friendship bloom testament beauty camaraderie, Friendship ,2018-08-28, FriendshipGarden , Instagram , #Friendship #CamaraderieBlooms ,30.0,60.0, South Africa ,2018,8,28,16,positive
481,485,embrace love heartbeat melody dancing rhythm affection, Love ,2022-11-15, MelodyOfLove , Twitter , #Love #RhythmOfAffection ,35.0,70.0, USA ,2022,11,15,20,positive
482,486,surrounded color joy canvas painted laughter endless smile, Joy ,2019-07-02, ColorfulLaughter , Instagram , #Joy #EndlessSmiles ,40.0,80.0, Canada ,2019,7,2,17,positive
483,487,symphony excitement note burst energy igniting soul fervor, Excitement ,2021-04-18, SymphonyFervor , Facebook , #Excitement #IgnitedSoul ,30.0,60.0, UK ,2021,4,18,14,positive
484,488,surprise gift wrapped anticipation unfolds moment delight wonder, Surprise ,2023-02-05, WrappedDelight , Twitter , #Surprise #WonderfulMoment ,25.0,50.0, Australia ,2023,2,5,19,positive
485,489,lost maze curiosity twist turn unveils treasure discovery, Curiosity ,2018-09-22, MazeDiscovery , Instagram , #Curiosity #TreasuresOfDiscovery ,22.0,45.0, India ,2018,9,22,12,positive
486,490,floating cloud gratitude raindrop blessing shower thankfulness, Gratitude ,2016-12-10, CloudsOfBlessings , Facebook , #Gratitude #ShowerOfThankfulness ,28.0,55.0, Germany ,2016,12,10,21,positive
487,491,like comet inspiration streaking sky creativity leaving trail brilliance, Inspiration ,2020-05-28, CometCreativity , Twitter , #Inspiration #BrilliantTrails ,18.0,35.0, France ,2020,5,28,16,positive
488,492,celebration success firework accomplishment light night sky triumph, Success ,2017-11-15, FireworksTriumph , Instagram , #Success #NightSkyTriumph ,22.0,45.0, Japan ,2017,11,15,22,positive
489,493,symphony laughter note key unlocking door boundless happiness, Happiness ,2021-08-02, LaughterSymphony , Facebook , #Happiness #BoundlessLaughter ,30.0,60.0, Brazil ,2021,8,2,19,positive
490,494,carnival emotion rollercoaster thrill sends heart wild ride, Thrill ,2019-03-28, EmotionCarnival , Instagram , #Thrill #WildHeartRide ,35.0,70.0, South Africa ,2019,3,28,15,positive
491,495,standing grandeur eiffel tower moment reflect beauty parisian dream, Reflection ,2018-05-12, ParisDreamer , Twitter , #Reflection #ParisianDreams ,28.0,55.0, France ,2018,5,12,17,positive
492,496,lost enchantment disneyland ride journey realm childhood fantasy, Enchantment ,2022-09-28, DisneylandExplorer , Instagram , #Enchantment #ChildhoodFantasies ,30.0,60.0, USA ,2022,9,28,15,positive
493,497,exploring wonder ferrari world roar engine creating symphony speed, Excitement ,2019-11-10, FerrariSpeedster , Facebook , #Excitement #SymphonyOfSpeed ,22.0,45.0, Italy ,2019,11,10,14,positive
494,498,amidst tulip field keukenhof tapestry color paint soul springtime joy, Joy ,2021-04-02, KeukenhofAdventurer , Instagram , #Joy #SpringtimeColors ,35.0,70.0, Netherlands ,2021,4,2,18,positive
495,499,wandering historical street kyoto step journey heart japan tradition, Exploration ,2017-08-22, KyotoAdventurer , Twitter , #Exploration #JapaneseTraditions ,18.0,35.0, Japan ,2017,8,22,21,positive
496,500,embrace grand canyon nature masterpiece moment marvel earth grandeur, Awe ,2020-06-15, CanyonMarveler , Instagram , #Awe #EarthsGrandeur ,25.0,50.0, USA ,2020,6,15,16,positive
497,501,journeying serenity santorini sunset paint sky hue tranquility, Serenity ,2016-09-10, SantoriniTraveler , Facebook , #Serenity #SunsetHues ,22.0,45.0, Greece ,2016,9,10,19,positive
498,502,amazed architectural marvel petra stone telling tale ancient civilization, Amazement ,2023-01-28, PetraExplorer , Twitter , #Amazement #AncientTales ,30.0,60.0, Jordan ,2023,1,28,13,positive
499,503,embarking gondola ride venice canal reflecting romance timeless city, Romance ,2019-04-18, VeniceRomantic , Instagram , #Romance #TimelessCity ,20.0,40.0, Italy ,2019,4,18,16,positive
500,504,summit machu picchu breathtaking panorama whisper secret ancient civilization, Awe ,2017-11-05, MachuPicchuAdventurer , Facebook , #Awe #AncientCivilizations ,28.0,55.0, Peru ,2017,11,5,22,positive
501,505,heart new york city time square dazzle light vibrant spectacle urban energy, Excitement ,2022-07-20, TimesSquareExplorer , Instagram , #Excitement #UrbanEnergy ,35.0,70.0, USA ,2022,7,20,21,positive
502,506,captivated historical charm colosseum stone echoing tale gladiator valor, Captivation ,2018-03-15, ColosseumAdventurer , Twitter , #Captivation #GladiatorTales ,25.0,50.0, Italy ,2018,3,15,17,positive
503,507,sailing azure water maldives wave whisper serenity paradise, Serenity ,2019-10-28, MaldivesSailor , Facebook , #Serenity #ParadiseWhispers ,22.0,45.0, Maldives ,2019,10,28,14,positive
504,508,midst amazon rainforest symphony wildlife creates orchestra nature wonder, Wonder ,2021-06-10, AmazonExplorer , Instagram , #Wonder #NatureOrchestra ,30.0,60.0, Brazil ,2021,6,10,16,positive
505,509,walking great wall china step testament ancient engineering marvel, Awe ,2017-08-18, GreatWallWalker , Twitter , #Awe #EngineeringMarvels ,18.0,35.0, China ,2017,8,18,19,positive
506,510,summit mount fuji breathtaking sunrise paint sky hue accomplishment, Accomplishment ,2020-04-15, FujiSummitAchiever , Facebook , #Accomplishment #SunriseHues ,28.0,55.0, Japan ,2020,4,15,5,positive
507,511,exploring ancient ruin angkor wat stone whispering story khmer civilization, Exploration ,2016-11-22, AngkorWatAdventurer , Instagram , #Exploration #KhmerStories ,20.0,40.0, Cambodia ,2016,11,22,13,positive
508,512,skiing slope swiss alp turn dance majesty snowcapped peak, Adventure ,2019-01-10, AlpsSkiAdventurer , Twitter , #Adventure #SnowPeakDance ,22.0,45.0, Switzerland ,2019,1,10,14,positive
509,513,tranquility kyoto bamboo forest whisper ancient zen wisdom echo grove, Tranquility ,2023-02-28, KyotoBambooSeeker , Facebook , #Tranquility #ZenWisdom ,25.0,50.0, Japan ,2023,2,28,16,positive
510,514,cruising fjord norway icy landscape breathtaking masterpiece nature grandeur, Grandeur ,2018-05-28, NorwayFjordExplorer , Instagram , #Grandeur #IcyMasterpiece ,22.0,45.0, Norway ,2018,5,28,18,positive
511,515,front row adeles concert note someone like resonates soulstirring emotion, Emotion ,2022-09-15, AdeleConcertGoer , Instagram , #Emotion #AdeleConcert ,40.0,80.0, USA ,2022,9,15,20,positive
512,516,dancing star beyoncés live show feeling power single lady every move, Energy ,2019-07-28, BeyonceDancer , Twitter , #Energy #BeyonceConcert ,35.0,70.0, USA ,2019,7,28,21,positive
513,517,crowd taylor swift concert lyric love story create enchanting fairy tale, Enchantment ,2021-05-10, SwiftieDreamer , Facebook , #Enchantment #TaylorSwift ,30.0,60.0, USA ,2021,5,10,19,positive
514,518,rocking guitar solo queen tribute concert journey back time freddies spirit, Nostalgia ,2018-12-02, QueenTributeFan , Instagram , #Nostalgia #QueenTribute ,22.0,45.0, UK ,2018,12,2,22,positive
515,519,swaying ed sheerans acoustic melody serene evening filled perfect moment, Serenity ,2020-08-18, SheeranMelodyLover , Twitter , #Serenity #EdSheeranConcert ,18.0,35.0, UK ,2020,8,18,19,positive
516,520,immersed pulsating beat bruno mar concert uptown funk becomes city joy, Joy ,2017-03-28, MarsJoyExplorer , Facebook , #Joy #BrunoMars ,28.0,55.0, USA ,2017,3,28,20,positive
517,521,michael jackson tribute show moonwalking hit celebration king pop, Celebration ,2022-01-15, MJTributeDancer , Instagram , #Celebration #MJTribute ,25.0,50.0, USA ,2022,1,15,21,positive
518,522,swinging rhythm frank sinatra tribute feeling timeless charm fly moon, Charm ,2019-06-10, SinatraCharmListener , Twitter , #Charm #SinatraTribute ,22.0,45.0, USA ,2019,6,10,18,positive
519,523,mosh pit metallica concert thunderous chord create symphony headbanging ecstasy, Ecstasy ,2023-03-20, MetallicaMoshWarrior , Facebook , #Ecstasy #MetallicaConcert ,35.0,70.0, USA ,2023,3,20,22,positive
520,524,experiencing magic coldplay concert fix becomes beacon hope night, Hope ,2016-11-28, ColdplayHopeSeeker , Instagram , #Hope #ColdplayMagic ,30.0,60.0, UK ,2016,11,28,19,positive
521,525,justin bieber concert infectious beat baby create dance floor unbridled enthusiasm, Enthusiasm ,2018-08-05, BieberDanceEnthusiast , Instagram , #Enthusiasm #JustinBieber ,40.0,80.0, Canada ,2018,8,5,20,positive
522,526,spotlight lady gaga show costume change metamorphosis creativity artistry, Creativity ,2021-04-15, GagaArtisticChameleon , Twitter , #Creativity #LadyGaga ,35.0,70.0, USA ,2021,4,15,21,positive
523,527,immersed soulful melody adele tear flow freely moved emotion hello, Emotion ,2019-11-28, AdeleMelodyTearjerker , Facebook , #Emotion #AdeleMelodies ,30.0,60.0, UK ,2019,11,28,19,positive
524,528,drenched confetti katy perry concert kaleidoscope color igniting night sky, Colorful ,2020-06-22, KatyPerryColorExplosion , Instagram , #Colorful #KatyPerry ,22.0,45.0, USA ,2020,6,22,22,positive
525,529,audience jayz performance lyric empire state mind become anthem pride, Pride ,2017-09-10, JayZEmpireListener , Twitter , #Pride #JayZAnthem ,18.0,35.0, USA ,2017,9,10,20,positive
526,530,dancing shakiras rhythmic beat hip swaying hypnotic charm hip dont lie, Hypnotic ,2022-02-28, ShakiraHipsDancer , Facebook , #Hypnotic #ShakiraRhythms ,28.0,55.0, Colombia ,2022,2,28,21,positive
527,531,concert anthemic chord without create timeless moment connection, Connection ,2016-05-15, U2ConnectionSeeker , Instagram , #Connection #U2Anthem ,25.0,50.0, Ireland ,2016,5,15,19,positive
528,532,rocking gun n rose show iconic riff sweet child mine echoing night, Iconic ,2018-12-10, GunsNRosesRiffRockstar , Twitter , #Iconic #GNRConcert ,22.0,45.0, USA ,2018,12,10,22,positive
529,533,crowd ariana grande concert high note create euphoric symphony, Euphoria ,2023-01-22, ArianaEuphoriaChaser , Facebook , #Euphoria #ArianaGrande ,35.0,70.0, USA ,2023,1,22,20,positive
530,534,swaying reggae vibe bob marley tribute concert chord journey jamaica soul, Journey ,2020-03-05, MarleyReggaeTraveler , Instagram , #Journey #BobMarleyTribute ,30.0,60.0, Jamaica ,2020,3,5,18,positive
531,535,captivated spellbinding plot twist audience applauds experiencing rollercoaster emotion movie premiere, Excitement ,2018-10-12, MovieEnthusiastPremiereAttendee , Twitter , #Excitement #MoviePremiereThrills ,40.0,80.0, USA ,2018,10,12,20,positive
532,536,credit roll profound sense nostalgia wash reminiscent cherished moment classic film, Nostalgia ,2019-06-25, FilmLoverNostalgiaSeeker , Instagram , #Nostalgia #ClassicFilmMoments ,35.0,70.0, UK ,2019,6,25,22,positive
533,537,streaming latest web series viewer engrossed character journey feeling sense connection empathy, Engagement ,2020-07-08, WebSeriesViewerCharacterConnection , Facebook , #Engagement #WebSeriesJourney ,30.0,60.0, Canada ,2020,7,8,19,positive
534,538,film festival indie filmmaker creation receives standing ovation evoking pride sense accomplishment, Pride ,2017-09-18, IndieFilmmakerFestivalSuccess , Twitter , #Pride #IndieFilmSuccess ,22.0,45.0, Australia ,2017,9,18,21,positive
535,539,watching heartwarming family drama tear flow freely character overcome challenge leaving viewer warm glow, Touched ,2021-01-15, DramaEnthusiastHeartwarmingMoments , Instagram , #Touched #FamilyDramaMoments ,28.0,55.0, India ,2021,1,15,18,positive
536,540,oscar actor graciously accepts award radiating joy gratitude recognition outstanding performance, Gratitude ,2016-02-28, AwardWinningActorOscarsRecipient , Facebook , #Gratitude #OscarWinningMoment ,18.0,35.0, USA ,2016,2,28,20,positive
537,541,discovering hidden gem world documentary viewer enlightened inspired feeling renewed sense curiosity, Inspiration ,2022-04-20, DocumentaryEnthusiastHiddenGemFinder , Twitter , #Inspiration #HiddenGemDiscovery ,22.0,45.0, France ,2022,4,20,17,positive
538,542,movie credit roll viewer experience mix awe contemplation pondering deeper meaning woven storyline, Contemplation ,2019-11-05, FilmBuffContemplativeViewer , Instagram , #Contemplation #DeepMeanings ,28.0,55.0, Germany ,2019,11,5,21,positive
539,543,bingewatching thrilling crime series suspense keep viewer edge seat creating rush adrenaline, Suspense ,2015-07-12, CrimeSeriesEnthusiastThrillSeeker , Facebook , #Suspense #CrimeSeriesThrills ,35.0,70.0, Japan ,2015,7,12,22,positive
540,544,closing scene unfolds sense satisfaction wash completing cinematic journey profound fulfilling ending, Satisfaction ,2020-09-10, FilmCriticSatisfactionSeeker , Twitter , #Satisfaction #FulfillingEnding ,22.0,45.0, Brazil ,2020,9,10,19,positive
541,545,celebrating historic victory world cup nation erupts joy united triumph football team, Joy ,2018-07-15, FootballFanWorldCupCelebration , Instagram , #Joy #WorldCupTriumph ,40.0,80.0, Brazil ,2018,7,15,21,positive
542,546,olympics athlete perseverance shine earning gold medal inspiring generation remarkable achievement, Inspiration ,2020-08-08, OlympicsEnthusiastGoldMedalWinner , Twitter , #Inspiration #OlympicAchievement ,35.0,70.0, USA ,2020,8,8,19,positive
543,547,cricket championship nailbiting finish leaf fan edge seat experiencing rollercoaster emotion, Excitement ,2019-06-25, CricketFanChampionshipThrills , Facebook , #Excitement #CricketChampionship ,30.0,60.0, India ,2019,6,25,22,positive
544,548,witnessing recordbreaking marathon spectator filled awe admiration endurance dedication runner, Admiration ,2021-11-07, MarathonSpectatorRecordBreaking , Instagram , #Admiration #MarathonRecords ,22.0,45.0, Kenya ,2021,11,7,17,positive
545,549,tennis grand slam fierce rivalry unfolds captivating fan display skill sportsmanship world stage, Captivation ,2017-09-10, TennisEnthusiastGrandSlamDrama , Twitter , #Captivation #TennisRivalry ,28.0,55.0, UK ,2017,9,10,20,positive
546,550,cheering underdog basketball final crowd erupts applause team defies odds claim championship title, Triumph ,2022-06-20, BasketballFanUnderdogTriumph , Facebook , #Triumph #BasketballFinals ,18.0,35.0, USA ,2022,6,20,21,positive
547,551,golf tournament golfer precision focus lead stunning victory leaving spectator awe exceptional skill, Awe ,2016-04-10, GolfEnthusiastPrecisionVictory , Instagram , #Awe #GolfVictory ,22.0,45.0, Scotland ,2016,4,10,18,positive
548,552,experiencing thrill highspeed formula race fan edge seat driver compete championship, Thrill ,2019-11-24, F1FanHighSpeedRaceExcitement , Twitter , #Thrill #Formula1Championship ,28.0,55.0, Germany ,2019,11,24,19,positive
549,553,cycling world championship climber conquers challenging terrain symbolizing determination achievement odds, Determination ,2015-09-28, CyclingEnthusiastWorldChampion , Facebook , #Determination #CyclingChampion ,35.0,70.0, Italy ,2015,9,28,22,positive
550,554,witnessing heartwarming comeback hockey final fan share tear joy team secures historic victory adversity, Heartwarming ,2020-12-12, HockeyFanComebackVictory , Instagram , #Heartwarming #HockeyFinalsComeback ,22.0,45.0, Canada ,2020,12,12,20,positive
551,555,series defeat soccer team face disappointment struggling find silver lining challenging season, Disappointment ,2019-11-02, SoccerFanTeamDefeats , Twitter , #Disappointment #SoccerDefeats ,40.0,80.0, Brazil ,2019,11,2,18,positive
552,556,tennis tournament highly anticipated player experience setback leaving fan shock questioning unforeseen turn event, Frustration ,2018-07-10, TennisEnthusiastUnexpectedSetback , Instagram , #Frustration #TennisSetback ,35.0,70.0, USA ,2018,7,10,21,positive
553,557,facing defeat championship boxer reflects challenge vowing return stronger determined next bout, Reflection ,2020-09-18, BoxingFanChampionshipDefeat , Facebook , #Reflection #BoxingDefeat ,30.0,60.0, UK ,2020,9,18,19,positive
554,558,midst cycling race tire blowout lead frustration cyclist valiantly try overcome unexpected obstacle, Obstacle ,2017-05-15, CyclingEnthusiastTireBlowout , Twitter , #Obstacle #CyclingFrustration ,22.0,45.0, France ,2017,5,15,22,positive
555,559,gymnast unexpected fall routine spark wave sympathy audience highlighting vulnerability sport, Sympathy ,2021-04-05, GymnasticsFanRoutineFall , Instagram , #Sympathy #GymnasticsFall ,28.0,55.0, Japan ,2021,4,5,20,positive
556,560,golf tournament missed crucial putt result defeat causing golfer reflect pressure highstakes competition, Pressure ,2016-08-20, GolfEnthusiastMissedPutt , Facebook , #Pressure #GolfDefeat ,18.0,35.0, USA ,2016,8,20,18,positive
557,561,experiencing series loss basketball season team grapple frustration determined turn tide renewed effort, Renewed Effort ,2019-02-12, BasketballFanTeamLosses , Twitter , #RenewedEffort #BasketballStruggles ,22.0,45.0, Canada ,2019,2,12,19,positive
558,562,despite meticulous training swimmer face disappointment splitsecond miscalculation cost lead crucial race, Miscalculation ,2015-06-28, SwimmingEnthusiastRaceSetback , Instagram , #Miscalculation #SwimmingDisappointment ,28.0,55.0, Australia ,2015,6,28,20,positive
559,563,weightlifter failed attempt personal record result frustration highlighting challenging nature pushing physical limit, Challenge ,2022-01-08, WeightliftingFanFailedRecord , Facebook , #Challenge #WeightliftingFailure ,35.0,70.0, Germany ,2022,1,8,21,positive
560,564,midst soccer match unexpected goal creates moment despair player teammate console encourage, Despair ,2018-12-15, SoccerPlayerOwnGoalMoment , Twitter , #Despair #OwnGoal ,22.0,45.0, Spain ,2018,12,15,20,positive
561,565,serene beauty sunset nature unfolds canvas color evoking sense tranquility wonder, Tranquility ,2021-07-10, NatureEnthusiastSunsetWonder , Instagram , #Tranquility #SunsetBeauty ,40.0,80.0, Canada ,2021,7,10,19,positive
562,566,embarking spontaneous road trip traveler discovers hidden gem creating memory cherished lifetime, Adventure ,2019-09-28, TravelEnthusiastRoadTripDiscovery , Twitter , #Adventure #RoadTripMemories ,35.0,70.0, USA ,2019,9,28,20,positive
563,567,amidst bustling city quiet café becomes sanctuary reflection cup coffee brings solace wandering mind, Solace ,2022-03-15, UrbanExplorerCafeSolitude , Facebook , #Solace #CafeReflection ,30.0,60.0, France ,2022,3,15,18,positive
564,568,exploring vibrant street art cultural neighborhood mural tell story infusing city creativity expression, Creativity ,2017-11-05, ArtEnthusiastStreetArtExploration , Instagram , #Creativity #StreetArtVibes ,22.0,45.0, Brazil ,2017,11,5,21,positive
565,569,world science breakthrough discovery unfolds pushing boundary knowledge opening new frontier exploration, Breakthrough ,2020-05-20, ScienceEnthusiastDiscoveryMoment , Twitter , #Breakthrough #ScientificDiscovery ,28.0,55.0, Germany ,2020,5,20,16,positive
566,570,connecting melody live orchestra music enthusiast experience symphony resonates deep within soul, Harmony ,2016-08-22, MusicLoverLiveOrchestraExperience , Facebook , #Harmony #OrchestraMelody ,18.0,35.0, UK ,2016,8,22,19,positive
567,571,embracing aroma freshly baked bread home chef find joy art baking creating delicious memory loved one, Joy in Baking ,2023-04-10, HomeBakerDeliciousMemories , Instagram , #JoyInBaking #HomemadeDelights ,22.0,45.0, India ,2023,4,10,17,positive
568,572,wandering historical museum history enthusiast becomes immersed tale past envisioning bygone era, Envisioning History ,2015-12-18, HistoryBuffMuseumExploration , Twitter , #EnvisioningHistory #MuseumTales ,28.0,55.0, Italy ,2015,12,18,18,positive
569,573,realm literature captivating novel transport reader distant land weaving tapestry imagination escape, Imagination ,2021-10-08, BookwormCaptivatingNovelEscape , Facebook , #Imagination #LiteraryEscape ,35.0,70.0, Japan ,2021,10,8,20,positive
570,574,capturing essence bustling market photographer freeze moment time frame telling unique vibrant story, Vibrancy ,2019-03-22, PhotographyEnthusiastMarketMoments , Instagram , #Vibrancy #MarketStories ,22.0,45.0, Australia ,2019,3,22,21,positive
571,575,underneath city light dancer express emotion graceful movement creating mesmerizing performance night sky, Mesmerizing ,2018-06-15, DanceEnthusiastCityNightPerformance , Twitter , #Mesmerizing #NightDancePerformance ,40.0,80.0, USA ,2018,6,15,22,positive
572,576,heart bustling market street food connoisseur indulges culinary adventure savoring diverse flavor aroma, Culinary Adventure ,2019-08-28, FoodieMarketStreetFoodExploration , Instagram , #CulinaryAdventure #StreetFoodDelights ,35.0,70.0, Thailand ,2019,8,28,19,positive
573,577,first snowflake descends winter enthusiast eagerly prepares season frosty delight anticipating magic snowcovered landscape, Winter Magic ,2022-12-01, SnowLoverWinterEnthusiast , Facebook , #WinterMagic #SnowyLandscapes ,30.0,60.0, Canada ,2022,12,1,17,positive
574,578,amidst page captivating mystery novel reader unravels clue secret experiencing thrilling journey suspense revelation, Thrilling Journey ,2017-04-10, MysteryBookwormSuspensefulRead , Twitter , #ThrillingJourney #MysteryNovel ,22.0,45.0, UK ,2017,4,10,21,positive
575,579,surrounded vibrant color flower garden gardener nurture blossom finding joy beauty nature everchanging canvas, Nature's Beauty ,2020-05-15, GardeningEnthusiastFlowerGarden , Instagram , #NaturesBeauty #FloralJoy ,28.0,55.0, Australia ,2020,5,15,18,positive
576,580,astronomy observatory stargazer marvel vastness cosmos contemplating mystery hidden within celestial expanse, Celestial Wonder ,2016-09-22, AstronomyEnthusiastStargazing , Facebook , #CelestialWonder #Stargazing ,18.0,35.0, USA ,2016,9,22,20,positive
577,581,engulfed aroma freshly brewed coffee writer find inspiration every sip embarking journey creativity prose, Creative Inspiration ,2023-02-12, CoffeeLoverWritersRetreat , Twitter , #CreativeInspiration #CoffeeJourney ,22.0,45.0, France ,2023,2,12,19,positive
578,582,realm fashion designer unveils collection tell story blending innovation tradition runway creativity, Runway Creativity ,2015-11-10, FashionEnthusiastDesignerShowcase , Instagram , #RunwayCreativity #FashionInnovation ,28.0,55.0, Italy ,2015,11,10,21,positive
579,583,wave crash shore surfer embrace thrill riding ocean energy capturing essence freedom wave, Ocean's Freedom ,2021-07-20, SurfingEnthusiastWaveRider , Facebook , #OceansFreedom #SurfingThrills ,22.0,45.0, Brazil ,2021,7,20,18,positive
580,584,exploring historical architecture ancient city traveler transported bygone era monument whisper tale past, Whispers of the Past ,2019-04-18, HistoryExplorerAncientCityTour , Twitter , #WhispersOfThePast #HistoricalTour ,35.0,70.0, Greece ,2019,4,18,20,positive
581,585,successfully avoided eye contact crush hallway mission accomplished, Excitement ,2023-05-20, CrushAvoider , Twitter , #CrushStruggles #AvoidingEyeContact ,15.0,30.0, USA,2023,5,20,19,positive
582,586,ran snack movie marathon crisis level emergency, Boredom ,2023-05-21, MovieBuff , Instagram , #SnackCrisis #TeenLife ,18.0,35.0, Canada,2023,5,21,21,positive
583,587,spent hour choosing perfect filter selfie struggle instagram aesthetic real, Joy ,2023-05-22, SelfieAddict , Facebook , #SelfieStruggle #TeenConfessions ,22.0,45.0, UK,2023,5,22,14,positive
584,588,lost headphone vanish thin air, Frustration ,2023-05-23, AudioExplorer , Twitter , #TeenProblems #LostHeadphones ,20.0,40.0, USA,2023,5,23,16,positive
585,589,decided study exam ended making meme studying instead procrastination level expert, Surprise ,2023-05-24, MemeCreator , Instagram , #StudyingMemes #TeenLife ,25.0,50.0, Canada,2023,5,24,13,positive
586,590,got dressed day remembered saturday oops, Indifference ,2023-05-25, FashionBlunder , Facebook , #WeekendOops #TeenFashion ,20.0,40.0, USA,2023,5,25,19,positive
587,591,survived group project without drama miracle happen, Satisfaction ,2023-05-26, GroupGenius , Twitter , #TeenSuccess #ProjectMiracle ,28.0,55.0, UK,2023,5,26,14,positive
588,592,entered kitchen intention cook left bag chip cooking overrated anyway, Disgust ,2023-05-27, ChipExplorer , Instagram , #TeenChef #CookingFail ,22.0,45.0, Canada,2023,5,27,21,positive
589,593,staring clock class waiting bell ring like exciting event day, Surprise ,2023-05-28, ExcitementSeeker , Facebook , #ClassEvent #TeenExcitement ,18.0,35.0, USA,2023,5,28,12,positive
590,594,discovered new book series spent whole night reading need sleep anyway, Joy ,2023-05-29, NightReader , Twitter , #BookDiscoveries #TeenReading ,30.0,60.0, UK,2023,5,29,23,positive
591,595,bought new video game played hour forgot eat ultimate gaming session, Excitement ,2023-05-30, GamingEnthusiast , Instagram , #GameOn #TeenGamer ,22.0,45.0, USA,2023,5,30,20,positive
592,596,spent day bingewatching new series productivity level zero, Joy ,2023-05-31, LazyWatcher , Facebook , #BingeWatchDay #TeenLife ,35.0,70.0, Canada,2023,5,31,15,positive
593,597,caught latest fashion trend planning shopping spree, Excitement ,2023-06-01, TrendExplorer , Twitter , #FashionGoals #TeenStyle ,20.0,40.0, USA,2023,6,1,18,positive
594,598,decided learn new instrument day one still trying figure hold, Frustration ,2023-06-02, MusicalExplorer , Instagram , #InstrumentLearning #TeenMusic ,28.0,55.0, UK,2023,6,2,14,positive
595,599,spent hour creating perfect playlist every mood music therapy, Joy ,2023-06-03, MusicAficionado , Facebook , #MusicTherapy #TeenPlaylist ,22.0,45.0, Canada,2023,6,3,21,positive
596,600,successfully cooked gourmet meal family chef skill unlocked, Pride ,2023-06-04, HomeChef , Twitter , #CookingSuccess #TeenCook ,25.0,50.0, USA,2023,6,4,19,positive
597,601,spontaneously booked weekend getaway adventure awaits, Excitement ,2023-06-05, AdventureSeeker , Instagram , #GetawayGoals #TeenTravel ,18.0,35.0, UK,2023,6,5,10,positive
598,602,attended concert danced night away music heartbeat life, Joy ,2023-06-06, DanceEnthusiast , Facebook , #MusicMagic #TeenConcert ,28.0,55.0, Canada,2023,6,6,22,positive
599,603,rediscovered childhood cartoon nostalgiafilled marathon, Joy ,2023-06-07, NostalgiaExplorer , Twitter , #ChildhoodMemories #TeenCartoons ,22.0,45.0, USA,2023,6,7,12,positive
600,604,embarked diy home decor project let hope turn better last time, Excitement ,2023-06-08, HomeDecorator , Instagram , #DIYGoals #TeenCreative ,35.0,70.0, UK,2023,6,8,16,positive
601,605,spent afternoon museum pretending cultured art enthusiast making, Curiosity ,2023-06-09, ArtExplorer , Facebook , #CulturalDay #TeenCuriosity ,20.0,40.0, USA,2023,6,9,14,positive
602,606,started blog random thought musing blogging new diary, Curiosity ,2023-06-10, ThoughtfulBlogger , Twitter , #BloggingJourney #TeenThoughts ,30.0,60.0, Canada,2023,6,10,17,positive
603,607,relishing peaceful afternoon classic novel quiet moment best moment, Contentment ,2023-06-11, NovelEnthusiast , Instagram , #QuietMoments #BookishEscape ,35.0,70.0, USA,2023,6,11,15,positive
604,608,reflecting lifetime memory wrinkle tell story embracing beauty aging, Gratitude ,2023-06-12, WiseSoul , Twitter , #AgingGracefully #Memories ,28.0,55.0, UK,2023,6,12,18,positive
605,609,exploring world digital art never late discover new passion, Curiosity ,2023-06-13, ArtAdventurer , Facebook , #ArtDiscovery #SeniorArtist ,22.0,45.0, Canada,2023,6,13,14,positive
606,610,savoring flavor homecooked meal simple joy heart happiness, Contentment ,2023-06-14, HomeChefSenior , Instagram , #HappinessInFood #SeniorLife ,25.0,50.0, USA,2023,6,14,19,positive
607,611,embarking journey learning new language mind stay young every new word, Curiosity ,2023-06-15, LinguisticExplorer , Twitter , #MindEnrichment #SeniorLearning ,30.0,60.0, UK,2023,6,15,12,positive
608,612,attended classical music concert feeling timeless melody resonate music transcends generation, Joy ,2023-06-16, MusicConnoisseur , Facebook , #MusicLover #SeniorConcert ,18.0,35.0, Canada,2023,6,16,21,positive
609,613,capturing beauty nature photography every snapshot treasure, Joy ,2023-06-17, PhotographySenior , Instagram , #NatureCapture #SeniorMoments ,35.0,70.0, USA,2023,6,17,15,positive
610,614,reconnecting old friend cup tea friendship true essence companionship, Contentment ,2023-06-18, TeaTimeSenior , Twitter , #FriendshipGoals #SeniorBonding ,28.0,55.0, UK,2023,6,18,11,positive
611,615,embarked road trip revisit cherished place past nostalgia ultimate travel companion, Joy ,2023-06-19, RoadTripSenior , Facebook , #CherishedPlaces #SeniorTravel ,22.0,45.0, Canada,2023,6,19,16,positive
612,616,joined community choir harmonizing fellow voice music creates bond withstand time, Joy ,2023-06-20, ChoirEnthusiast , Instagram , #MusicHarmony #SeniorVoices ,20.0,40.0, USA,2023,6,20,14,positive
613,617,exploring art meditation finding tranquility stillness mind, Contentment ,2023-06-21, MeditationSenior , Twitter , #MindfulLiving #SeniorCalm ,18.0,35.0, UK,2023,6,21,19,positive
614,618,taking stroll garden appreciating beauty blooming flower nature wonder never cease, Contentment ,2023-06-22, GardenEnthusiast , Facebook , #NatureWonders #SeniorGarden ,25.0,50.0, USA,2023,6,22,13,positive
615,619,sipping favorite vintage wine sip telling story year gone cheer life welllived, Contentment ,2023-06-23, WineConnoisseur , Instagram , #LifeWellLived #SeniorWine ,28.0,55.0, UK,2023,6,23,18,positive
616,620,participated community art class unleashing creativity golden year art age limit, Joy ,2023-06-24, ArtisticSenior , Twitter , #CreativityAtAnyAge #SeniorCreativity ,22.0,45.0, Canada,2023,6,24,16,positive
617,621,embarking journey writing memoir documenting lifetime experience every story matter, Gratitude ,2023-06-25, MemoiristSenior , Facebook , #LifetimeExperiences #SeniorMemoir ,35.0,70.0, USA,2023,6,25,20,positive
618,622,attended lecture history always fascinated lesson past learning lifelong adventure, Curiosity ,2023-06-26, HistoryEnthusiast , Instagram , #LifetimeAdventure #SeniorCuriosity ,30.0,60.0, UK,2023,6,26,14,positive
619,623,rediscovered joy cooking traditional family recipe kitchen place cherished memory, Contentment ,2023-06-27, FamilyChefSenior , Twitter , #KitchenMemories #SeniorCulinary ,20.0,40.0, USA,2023,6,27,17,positive
620,624,joined nature photography club capturing beauty great outdoors every click connection nature, Joy ,2023-06-28, NaturePhotographySenior , Facebook , #OutdoorBeauty #SeniorClicks ,18.0,35.0, UK,2023,6,28,22,positive
621,625,attended jazz concert swayed rhythm timeless tune music constant companion golden year, Joy ,2023-06-29, JazzMusicLover , Instagram , #TimelessTunes #SeniorJazz ,25.0,50.0, USA,2023,6,29,16,positive
622,626,joined writing group penning thought reflection writing journey depth soul, Gratitude ,2023-06-30, SeniorWordsmith , Twitter , #SoulfulWriting #SeniorReflections ,28.0,55.0, UK,2023,6,30,19,positive
623,627,embarked solo travel adventure discovering beauty new place pace, Excitement ,2023-07-01, SoloAdventurer , Instagram , #DiscoverNewPlaces #SeniorTravel ,30.0,60.0, USA,2023,7,1,14,positive
624,628,attended vintage car show reminiscing classic ruled road nostalgia every rev, Joy ,2023-07-02, CarEnthusiastSenior , Facebook , #RoadTripDownMemoryLane #SeniorCars ,22.0,45.0, UK,2023,7,2,18,positive
625,629,started community garden growing plant friendship green thumb unite, Joy ,2023-07-03, GreenThumbSenior , Twitter , #GardenFriends #SeniorGreenThumb ,28.0,55.0, Canada,2023,7,3,12,positive
626,630,hosted family dinner laughter echoed louder clinking utensil family heart happiness, Contentment ,2023-07-04, FamilyHostSenior , Instagram , #HeartwarmingMoments #SeniorFamily ,35.0,70.0, USA,2023,7,4,17,positive
627,631,enrolled dance class senior moving rhythm life age number dance floor, Joy ,2023-07-05, DanceEnthusiastSenior , Twitter , #DanceLife #SeniorMoves ,18.0,35.0, UK,2023,7,5,20,positive
628,632,visited art gallery appreciating brushstrokes tell tale creativity art eternal companion, Joy ,2023-07-06, ArtGalleryVisitor , Facebook , #CreativeExpressions #SeniorArt ,25.0,50.0, USA,2023,7,6,14,positive
629,633,started book club senior discussion lively character novel, Joy ,2023-07-07, SeniorBookClub , Instagram , #BookishTalks #SeniorBookworms ,22.0,45.0, UK,2023,7,7,19,positive
630,634,hosted picnic park basking warmth friendship sunshine simple joy timeless memory, Contentment ,2023-07-08, SeniorPicnicHost , Twitter , #FriendshipSunshine #SeniorMemories ,30.0,60.0, Canada,2023,7,8,16,positive
631,635,participated local theater production proving stage belongs every age, Joy ,2023-07-09, SeniorActor , Facebook , #StagePassion #SeniorTheater ,20.0,40.0, USA,2023,7,9,22,positive
632,636,embarked hiking adventure conquering trail relishing beauty nature age number mountaintop, Excitement ,2023-07-10, SeniorHikerExplorer , Instagram , #NatureTrailBlazer #SeniorExplorer ,28.0,55.0, UK,2023,7,10,14,positive
633,637,hosted photography exhibition featuring snapshot life welllived every photo story tell, Gratitude ,2023-07-11, SeniorPhotographerExhibitor , Twitter , #LifeInPictures #SeniorExhibition ,22.0,45.0, Canada,2023,7,11,18,positive
634,638,joined senior cycling club feeling wind hair freedom open road, Excitement ,2023-07-12, SeniorCyclingEnthusiast , Facebook , #OpenRoadAdventures #SeniorCycling ,25.0,50.0, USA,2023,7,12,13,positive
635,639,attended wine tasting event savoring richness flavor age like fine wine cheer golden year, Joy ,2023-07-13, SeniorWineConnoisseur , Instagram , #AgedToPerfection #SeniorCheers ,35.0,70.0, UK,2023,7,13,20,positive
636,640,started learning ballroom dancing gliding gracefully across dance floor ageless elegance every step, Joy ,2023-07-14, SeniorBallroomDancer , Twitter , #GracefulMoves #SeniorDance ,20.0,40.0, USA,2023,7,14,16,positive
637,641,organized community painting event turning blank canvas masterpiece shared creativity, Joy ,2023-07-15, SeniorPaintingOrganizer , Facebook , #CommunityArt #SeniorCreativity ,28.0,55.0, Canada,2023,7,15,19,positive
638,642,hosted memory lane evening old friend reminiscing adventure shaped life, Gratitude ,2023-07-16, SeniorMemoriesHost , Instagram , #FriendshipAdventures #SeniorNostalgia ,30.0,60.0, USA,2023,7,16,14,positive
639,643,joined senior astronomy club stargazing finding wonder vastness cosmos, Curiosity ,2023-07-17, SeniorStargazer , Twitter , #CelestialWonders #SeniorAstronomy ,18.0,35.0, UK,2023,7,17,22,positive
640,644,attended local jazz festival tapping toe tune stood test time music lifelong love affair, Joy ,2023-07-18, SeniorJazzFestivalGoer , Facebook , #TimelessTunes #SeniorJazz ,25.0,50.0, USA,2023,7,18,16,positive
641,645,started blog sharing wisdom gained year proving every day chance learn grow, Gratitude ,2023-07-19, WisdomBloggerSenior , Instagram , #LifeLessons #SeniorBlog ,22.0,45.0, UK,2023,7,19,19,positive
642,646,participated charity run proving age barrier supporting meaningful cause, Excitement ,2023-07-20, SeniorCharityRunner , Twitter , #RunForACause #SeniorSupport ,30.0,60.0, Canada,2023,7,20,17,positive
643,647,survived challenging physic exam equation wont defeat, Relief ,2023-08-01, PhysicsWhizHighSchool , Instagram , #PhysicsSurvivor #HighSchoolAdventures ,20.0,40.0, USA,2023,8,1,13,positive
644,648,exploring world coding debugging adventure, Excitement ,2023-08-02, CodeExplorerHighSchool , Twitter , #CodingAdventure #HighSchoolCoderLife ,25.0,50.0, UK,2023,8,2,14,positive
645,649,joined school debate team word weapon im ready battle, Excitement ,2023-08-03, DebateWarriorHighSchool , Facebook , #DebateWarrior #HighSchoolDebater ,18.0,35.0, Canada,2023,8,3,12,positive
646,650,started photography club school capturing moment one snapshot time, Joy ,2023-08-04, PhotoClubHighSchool , Instagram , #PhotographyClub #HighSchoolPhotographer ,22.0,45.0, USA,2023,8,4,16,positive
647,651,daydreaming upcoming prom dress dance fairytale making, Excitement ,2023-08-05, PromDreamerHighSchool , Twitter , #PromDreams #HighSchoolFairytale ,30.0,60.0, Canada,2023,8,5,19,positive
648,652,convinced teacher class outdoors learning equation side fresh air, Positive ,2023-08-06, OutdoorClassHighSchool , Facebook , #OutdoorClassroom #HighSchoolExplorer ,28.0,55.0, USA,2023,8,6,14,positive
649,653,accidentally spilled paint art class abstract art right, Embarrassed ,2023-08-07, PaintSpillHighSchool , Instagram , #ArtisticMishaps #HighSchoolArt ,22.0,45.0, UK,2023,8,7,19,positive
650,654,trying master perfect kickflip skateboard skating weekend like pro, Excitement ,2023-08-08, SkateProHighSchool , Twitter , #SkaterLife #HighSchoolSkater ,30.0,60.0, Canada,2023,8,8,16,positive
651,655,bonding friend latest kpop sensation fangirling finest, Joy ,2023-08-09, KpopFangirlHighSchool , Facebook , #KpopFangirl #HighSchoolMusic ,20.0,40.0, USA,2023,8,9,22,positive
652,656,spent hour perfecting chemistry experiment mixing potion like wizard, Joy ,2023-08-10, ChemistryWizardHighSchool , Instagram , #ChemistryWizard #HighSchoolScientist ,28.0,55.0, UK,2023,8,10,14,positive
653,657,successfully organized surprise birthday party friend party planning expert mode achieved, Joy ,2023-08-11, BirthdayPartyPlannerHighSchool , Twitter , #BirthdayParty #HighSchoolCelebration ,22.0,45.0, Canada,2023,8,11,18,positive
654,658,joined drama club unleash inner actor light camera action, Excitement ,2023-08-12, DramaClubStarHighSchool , Facebook , #DramaClubStar #HighSchoolActor ,25.0,50.0, USA,2023,8,12,13,positive
655,659,got hand latest fantasy novel diving realm magic adventure, Excitement ,2023-08-13, FantasyBookNerdHighSchool , Instagram , #FantasyBookNerd #HighSchoolReader ,35.0,70.0, UK,2023,8,13,20,positive
656,660,mastering art perfect doodle boring class doodle, Joy ,2023-08-14, DoodleMasterHighSchool , Twitter , #DoodleMaster #HighSchoolArt ,20.0,40.0, USA,2023,8,14,16,positive
657,661,attempting break school record longest handstand wish luck, Excitement ,2023-08-15, HandstandChallengeHighSchool , Facebook , #HandstandChallenge #HighSchoolAthlete ,28.0,55.0, Canada,2023,8,15,19,positive
658,662,sneaking snack class like pro art snacksmuggling sacred skill, Mischievous ,2023-08-16, SnackSmugglerHighSchool , Instagram , #SnackSmuggler #HighSchoolSnacks ,30.0,60.0, USA,2023,8,16,14,positive
659,663,hosting sleepover friend weekend preparing night laughter memory, Excitement ,2023-08-17, SleepoverHostHighSchool , Twitter , #SleepoverFun #HighSchoolMemories ,18.0,35.0, UK,2023,8,17,22,positive
660,664,spent hour tiktok dance realize two left foot dance fail unleashed, Embarrassed ,2023-08-18, TikTokFailHighSchool , Facebook , #DanceFail #HighSchoolTikTok ,25.0,50.0, USA,2023,8,18,16,positive
661,665,accidentally liked crush old photo stalking profile awkward level maximum, Embarrassed ,2023-08-19, SocialMediaBlunderHighSchool , Instagram , #SocialMediaBlunder #HighSchoolAwkward ,22.0,45.0, UK,2023,8,19,19,positive
662,666,tried impress crush smooth conversation ended spilling drink smooth level nonexistent, Embarrassed ,2023-08-20, CrushFailHighSchool , Twitter , #CrushFail #HighSchoolEmbarrassment ,30.0,60.0, Canada,2023,8,20,17,positive
663,667,mastered art creating paper airplane lecture paper plane soaring new height, Joy ,2023-08-21, PaperPlaneExpertHighSchool , Instagram , #PaperPlaneExpert #HighSchoolArt ,15.0,30.0, USA,2023,8,21,15,positive
664,668,trying set new trend juggling textbook class academic juggling unique skill, Excitement ,2023-08-22, JugglingProHighSchool , Facebook , #TextbookJuggling #HighSchoolSkills ,22.0,40.0, Canada,2023,8,22,12,positive
665,669,hiding snack stash backpack emergency craving snack ninja mode activated, Mischievous ,2023-08-23, SnackNinjaHighSchool , Twitter , #SnackNinja #HighSchoolSnacks ,28.0,55.0, USA,2023,8,23,16,positive
666,670,planning surprise scavenger hunt friend anticipating thrill excitement, Excitement ,2023-08-24, ScavengerHuntMasterHighSchool , Instagram , #SurpriseAdventure #HighSchoolFun ,20.0,38.0, UK,2023,8,24,18,positive
667,671,danced rain celebrate end exam rain dance unexpectedly refreshing, Joy ,2023-08-25, RainDanceCelebrationHighSchool , Facebook , #RainDance #HighSchoolJoy ,25.0,50.0, Canada,2023,8,25,14,positive
668,672,accidentally sent text meant friend class group chat texting fail oops moment, Embarrassed ,2023-08-26, GroupChatBlunderHighSchool , Twitter , #TextingFail #HighSchoolAwkward ,18.0,35.0, USA,2023,8,26,17,positive
669,673,tried magic trick impress classmate magic fail rabbit go, Embarrassed ,2023-08-27, MagicFailHighSchool , Instagram , #MagicFail #HighSchoolMagic ,22.0,45.0, UK,2023,8,27,20,positive
670,674,perfecting art creating origami dull lecture origami mastery, Joy ,2023-08-28, OrigamiProHighSchool , Twitter , #OrigamiMaster #HighSchoolArt ,18.0,36.0, USA,2023,8,28,16,positive
671,675,attempting set new record consecutive hacky sack kick hacky sack skill unleashed, Excitement ,2023-08-29, HackySackChampionHighSchool , Instagram , #HackySackChallenge #HighSchoolAthlete ,26.0,48.0, Canada,2023,8,29,13,positive
672,676,creating secret handshake friend friendship level expert, Joy ,2023-08-30, SecretHandshakeHighSchool , Facebook , #FriendshipGoals #HighSchoolMemories ,20.0,40.0, USA,2023,8,30,17,positive
673,677,embarking mission find best burger joint town burger connoisseur reporting duty, Excitement ,2023-08-31, BurgerQuestHighSchool , Twitter , #BurgerQuest #HighSchoolFoodie ,24.0,42.0, UK,2023,8,31,20,positive
674,678,practicing standup comedy routine upcoming talent show comedy gig making, Joy ,2023-09-01, ComedyGeniusHighSchool , Instagram , #StandUpComedy #HighSchoolTalent ,21.0,39.0, Canada,2023,9,1,14,positive
675,679,accidentally sent love letter wrong person love note fail maximum embarrassment, Embarrassed ,2023-09-02, LoveLetterBlunderHighSchool , Facebook , #LoveLetterFail #HighSchoolAwkward ,17.0,33.0, USA,2023,9,2,18,positive
676,680,attempting impress teacher elaborate science experiment science geek mode activated, Excitement ,2023-09-03, ScienceExperimentProHighSchool , Twitter , #ScienceGeek #HighSchoolExperiments ,23.0,44.0, UK,2023,9,3,22,positive
677,681,crafting intricate friendship bracelet whole squad friendship level expert weaver, Joy ,2023-09-04, BraceletCraftsmanHighSchool , Instagram , #FriendshipBracelets #HighSchoolCrafts ,19.0,37.0, USA,2023,9,4,15,positive
678,682,attempting beat record consecutive cartwheel cartwheel challenge underway, Excitement ,2023-09-05, CartwheelMasterHighSchool , Twitter , #CartwheelChallenge #HighSchoolAthlete ,27.0,52.0, Canada,2023,9,5,12,positive
679,683,organizing movie marathon friend popcorn cinematic adventure await, Joy ,2023-09-06, MovieMarathonHostHighSchool , Facebook , #MovieNight #HighSchoolMemories ,22.0,43.0, UK,2023,9,6,16,positive
680,684,experimenting new hair color bold change bold semester, Excitement ,2023-09-07, HairColorExperimentHighSchool , Instagram , #HairExperiment #HighSchoolStyle ,20.0,39.0, USA,2023,9,7,18,positive
681,685,building time capsule capture memory future timetraveling emotion, Joy ,2023-09-08, TimeCapsuleCreatorHighSchool , Facebook , #TimeCapsule #HighSchoolNostalgia ,26.0,48.0, Canada,2023,9,8,14,positive
682,686,accidentally walked wrong classroom first day classroom mixup awkward start, Embarrassed ,2023-09-09, ClassroomBlunderHighSchool , Twitter , #FirstDayOops #HighSchoolEmbarrassment ,16.0,32.0, USA,2023,9,9,17,positive
683,687,trying new smoothie recipe healthy start week smoothie enthusiast level, Excitement ,2023-09-10, SmoothieConnoisseurHighSchool , Instagram , #HealthyLiving #HighSchoolWellness ,23.0,42.0, UK,2023,9,10,20,positive
684,688,reflecting challenge school year feeling bit overwhelmed assignment, Sad ,2023-09-11, OverwhelmedHighSchoolStudent , Twitter , #SchoolChallenges #HighSchoolStruggles ,15.0,28.0, USA,2023,9,11,15,positive
685,689,encountered meanspirited comment online dealing online hate never easy, Hate ,2023-09-12, DealingWithHateHighSchool , Instagram , #OnlineHate #HighSchoolReality ,18.0,36.0, Canada,2023,9,12,12,positive
686,690,bad day school everything seems going wrong, Bad ,2023-09-13, ToughDayHighSchool , Facebook , #BadDay #HighSchoolBlues ,20.0,40.0, UK,2023,9,13,16,positive
687,691,feeling making sport team disappointment lingers, Sad ,2023-09-14, SportsTeamRejectionHighSchool , Twitter , #Disappointment #HighSchoolSports ,17.0,34.0, USA,2023,9,14,18,positive
688,692,witnessed heated argument cafeteria unpleasant atmosphere lunch, Hate ,2023-09-15, CafeteriaConflictHighSchool , Instagram , #CafeteriaDrama #HighSchoolTension ,21.0,41.0, Canada,2023,9,15,14,positive
689,693,received notsogreat grade major project academic frustration setting, Bad ,2023-09-16, ProjectGradeDisappointmentHighSchool , Facebook , #AcademicFrustration #HighSchoolStress ,19.0,38.0, UK,2023,9,16,17,positive
690,694,dealing personal setback sometimes life throw unexpected challenge, Sad ,2023-09-17, PersonalSetbackHighSchool , Twitter , #LifeChallenges #HighSchoolStruggles ,22.0,44.0, USA,2023,9,17,20,positive
691,695,feeling lonely saturday night sometimes solitude hit harder expected, Sad ,2023-09-18, LonelySaturdayHighSchool , Instagram , #LonelyNights #HighSchoolEmotions ,16.0,31.0, Canada,2023,9,18,22,positive
692,696,experiencing cyberbullying hateful message online disheartening, Hate ,2023-09-19, CyberbullyingVictimHighSchool , Facebook , #StopCyberbullying #HighSchoolReality ,14.0,27.0, UK,2023,9,19,15,positive
693,697,caught torrential rainstorm without umbrella today weather bad luck, Bad ,2023-09-20, RainyDayBluesHighSchool , Twitter , #BadLuck #HighSchoolWeather ,18.0,35.0, USA,2023,9,20,12,positive
694,698,missing important event due unforeseen circumstance day filled sadness, Sad ,2023-09-21, MissedOpportunityHighSchool , Instagram , #MissedChances #HighSchoolRegret ,20.0,39.0, Canada,2023,9,21,16,positive
695,699,dealing unfounded rumor circulating personal life rumor hurtful, Hate ,2023-09-22, RumorVictimHighSchool , Facebook , #RumorMills #HighSchoolDrama ,23.0,46.0, UK,2023,9,22,18,positive
696,700,got flat tire way important meeting talk series bad event, Bad ,2023-09-23, FlatTireWoesHighSchool , Twitter , #BadLuckDay #HighSchoolStruggles ,25.0,50.0, USA,2023,9,23,14,positive
697,701,feeling sense emptiness close friend move away farewell always sad, Sad ,2023-09-24, FriendMovingAwayHighSchool , Instagram , #SayingGoodbye #HighSchoolEmotions ,21.0,42.0, Canada,2023,9,24,17,positive
698,702,facing rejection dream college disheartened determined explore path, Sad ,2023-09-25, CollegeRejectionHighSchool , Facebook , #CollegeDreams #HighSchoolJourney ,19.0,37.0, UK,2023,9,25,20,positive
699,703,encountering online toxicity gaming session hateful comment ruin fun, Hate ,2023-09-26, GamingToxicityHighSchool , Twitter , #OnlineGaming #HighSchoolGamer ,16.0,32.0, USA,2023,9,26,14,positive
700,704,bad hair day feeling selfconscious bad hair day affect confidence, Bad ,2023-09-27, BadHairDayBluesHighSchool , Instagram , #BadHairDay #HighSchoolConfidence ,18.0,36.0, Canada,2023,9,27,17,positive
701,705,feeling sense despair major project failure hard work didnt pay time, Sad ,2023-09-28, ProjectFailureDespairHighSchool , Facebook , #ProjectStruggles #HighSchoolHardships ,21.0,41.0, UK,2023,9,28,22,positive
702,706,experiencing hate comment expressing personal opinion online negativity prevails, Hate ,2023-09-29, OpinionsHateHighSchool , Twitter , #OnlineOpinions #HighSchoolCriticism ,24.0,48.0, USA,2023,9,29,15,positive
703,707,string bad luck constant technology malfunction tech trouble galore, Bad ,2023-09-30, TechMalfunctionWoesHighSchool , Instagram , #TechIssues #HighSchoolTech ,22.0,43.0, Canada,2023,9,30,18,positive
704,708,missing longanticipated event due unexpected circumstance day filled sadness, Sad ,2023-10-01, MissedEventBluesHighSchool , Facebook , #MissedMoments #HighSchoolRegret ,20.0,39.0, UK,2023,10,1,14,positive
705,709,trying new study technique upcoming exam exploring different learning strategy, Neutral ,2023-10-02, StudyTechniqueExperimentHighSchool , Instagram , #StudyStrategies #HighSchoolExams ,23.0,42.0, USA,2023,10,2,16,positive
706,710,organizing community cleanup event cleaner neighborhood promoting environmental awareness, Neutral ,2023-10-03, CommunityCleanupHighSchool , Twitter , #EnvironmentalEfforts #HighSchoolCommunity ,26.0,50.0, Canada,2023,10,3,12,positive
707,711,sharing favorite book recommendation classmate building mini book club, Neutral ,2023-10-04, BookRecommendationsHighSchool , Facebook , #BookClub #HighSchoolReads ,19.0,38.0, UK,2023,10,4,18,positive
708,712,experimenting new recipe school bake sale baking adventure kitchen, Neutral ,2023-10-05, BakeSaleRecipeExperimentHighSchool , Instagram , #BakingAdventures #HighSchoolBakes ,21.0,43.0, USA,2023,10,5,14,positive
709,713,collaborating school project peer teamwork make dream work, Neutral ,2023-10-06, SchoolProjectCollaborationHighSchool , Twitter , #Teamwork #HighSchoolProjects ,18.0,36.0, Canada,2023,10,6,17,positive
710,714,attending school club meeting explore new interest dabbling extracurricular activity, Neutral ,2023-10-07, ExtracurricularExplorationHighSchool , Instagram , #SchoolClubs #HighSchoolInterests ,22.0,45.0, UK,2023,10,7,20,positive
711,715,exploring new parttime job opportunity gaining work experience career development progress, Neutral ,2023-10-08, PartTimeJobExplorationHighSchool , Facebook , #CareerDevelopment #HighSchoolJobs ,24.0,48.0, USA,2023,10,8,15,positive
712,716,attending school assembly stay informed upcoming event announcement staying connected school activity, Neutral ,2023-10-09, SchoolAssemblyParticipationHighSchool , Twitter , #SchoolEvents #HighSchoolConnectivity ,20.0,40.0, Canada,2023,10,9,22,positive
713,717,exploring new hobby photography free time capturing moment lens, Neutral ,2023-10-10, PhotographyHobbyHighSchool , Instagram , #PhotographyJourney #HighSchoolHobbies ,25.0,49.0, UK,2023,10,10,14,positive
714,718,participating science fair showcase unique experiment sharing knowledge peer, Neutral ,2023-10-11, ScienceFairParticipationHighSchool , Facebook , #ScienceFair #HighSchoolScience ,19.0,37.0, USA,2023,10,11,16,positive
715,719,attending workshop time management enhance organizational skill striving efficiency, Neutral ,2023-10-12, TimeManagementWorkshopHighSchool , Twitter , #EfficiencyGoals #HighSchoolSkills ,23.0,44.0, Canada,2023,10,12,18,positive
716,720,volunteering local charity event give back community contributing social cause, Neutral ,2023-10-13, CharityEventVolunteerHighSchool , Instagram , #CommunityService #HighSchoolVolunteer ,20.0,39.0, UK,2023,10,13,12,positive
717,721,collaborating group project promote teamwork shared responsibility group effort action, Neutral ,2023-10-14, GroupProjectCollaborationHighSchool , Facebook , #TeamSpirit #HighSchoolProjects ,18.0,35.0, USA,2023,10,14,17,positive
718,722,participating debate club enhance critical thinking communication skill intellectual engagement progress, Neutral ,2023-10-15, DebateClubParticipationHighSchool , Twitter , #DebateSkills #HighSchoolIntellect ,22.0,43.0, Canada,2023,10,15,20,positive
719,723,celebrating friend birthday surprise party joyful moment laughter around, Happy ,2023-10-16, BirthdaySurpriseHighSchool , Instagram , #SurpriseParty #HighSchoolCelebration ,27.0,52.0, UK,2023,10,16,15,positive
720,724,successfully completing challenging coding project excitement overcoming coding hurdle, Happy ,2023-10-17, CodingSuccessHighSchool , Twitter , #CodingTriumph #HighSchoolTech ,24.0,48.0, USA,2023,10,17,12,positive
721,725,attending school talent show support classmate applauding diverse talent display, Happy ,2023-10-18, TalentShowSupportHighSchool , Facebook , #TalentShow #HighSchoolEntertainment ,19.0,38.0, Canada,2023,10,18,16,positive
722,726,exploring new hiking trail friend weekend nature laughter good vibe, Happy ,2023-10-19, WeekendHikeHighSchool , Instagram , #NatureAdventures #HighSchoolFriends ,21.0,42.0, UK,2023,10,19,18,positive
723,727,winning friendly sport competition rival school victory celebration full swing, Happy ,2023-10-20, SportsVictoryHighSchool , Twitter , #SportsTriumph #HighSchoolAthletics ,26.0,50.0, USA,2023,10,20,14,positive
724,728,receiving heartfelt letter pen pal another country connecting across globe, Happy ,2023-10-21, PenPalConnectionHighSchool , Facebook , #GlobalFriendship #HighSchoolCorrespondence ,23.0,45.0, Canada,2023,10,21,17,positive
725,729,creating beautiful mural fellow art enthusiast power collaboration creativity, Happy ,2023-10-22, MuralCreationHighSchool , Instagram , #ArtCollaboration #HighSchoolCreativity ,22.0,43.0, UK,2023,10,22,20,positive
726,730,participating schoolwide art exhibition witnessing creativity spreading positive vibe, Happy ,2015-11-10, ArtExhibitionJoyHighSchool , Instagram , #ArtisticExpression #HighSchoolCreativity ,23.0,44.0, USA,2015,11,10,16,positive
727,731,achieving personal best track field competition thrill victory selfimprovement, Happy ,2016-09-14, TrackFieldSuccessHighSchool , Twitter , #AthleticAchievement #HighSchoolSports ,26.0,51.0, Canada,2016,9,14,12,positive
728,732,collaborating science project received recognition regional fair science triumph smile, Happy ,2017-08-18, ScienceProjectSuccessHighSchool , Facebook , #ScienceFairWinner #HighSchoolScience ,20.0,39.0, UK,2017,8,18,18,positive
729,733,attending surprise birthday party organized friend surrounded love laughter good company, Happy ,2018-06-22, BirthdayPartyJoyHighSchool , Instagram , #SurpriseCelebration #HighSchoolFriendship ,25.0,48.0, USA,2018,6,22,14,positive
730,734,successfully fundraising school charity initiative joy giving back community, Happy ,2019-04-05, CharityFundraisingTriumphHighSchool , Twitter , #CommunityGiving #HighSchoolPhilanthropy ,22.0,42.0, Canada,2019,4,5,17,positive
731,735,participating multicultural festival celebrating diversity music dance delicious food, Happy ,2020-02-29, MulticulturalFestivalJoyHighSchool , Facebook , #CulturalCelebration #HighSchoolUnity ,21.0,43.0, UK,2020,2,29,20,positive
732,736,organizing virtual talent show challenging time bringing smile classmate face, Happy ,2020-11-15, VirtualTalentShowSuccessHighSchool , Instagram , #VirtualEntertainment #HighSchoolPositivity ,24.0,47.0, USA,2020,11,15,15,positive
